Recency,Frequency,Monetary,Cluster,Churn
326,1,77183.6,3,1
2,7,4310.0,0,0
75,4,1797.24,0,0
19,1,1757.55,0,0
310,1,334.40000000000003,1,1
36,8,2506.04,0,0
204,1,89.0,1,1
232,1,1079.4,1,1
214,1,459.4,1,1
23,3,2811.43,0,0
33,1,6207.67,0,0
2,2,1168.06,0,0
58,4,6310.03,0,0
52,3,2662.06,0,0
287,1,189.9,1,1
3,10,5226.2300000000005,0,0
110,2,552.0,0,0
8,4,1313.1,0,0
291,2,641.38,1,1
4,1,168.9,0,0
51,4,3541.94,0,0
45,2,1887.96,0,0
72,3,1298.04,0,0
311,1,364.6,1,1
25,1,742.9300000000001,0,0
11,2,457.5,0,0
315,2,1628.12,1,1
130,1,4008.62,0,0
82,2,852.24,0,0
22,4,2724.81,0,0
5,5,1845.31,0,0
185,5,1850.56,1,1
29,2,585.27,0,0
338,2,401.9,1,1
16,6,2780.6600000000003,0,0
80,1,549.84,0,0
22,1,439.66,0,0
72,4,1582.6,0,0
64,2,1272.48,0,0
19,12,3018.63,0,0
36,2,2409.9,0,0
46,1,1635.66,0,0
119,4,1108.65,0,0
303,1,84.3,1,1
323,1,225.6,1,1
50,1,427.7,0,0
149,1,1710.39,1,0
22,2,3415.3,0,0
50,5,1708.12,0,0
33,5,2888.55,0,0
79,3,11072.67,0,0
309,2,693.33,1,1
75,3,1226.88,0,0
67,3,758.1,0,0
217,3,562.4100000000001,1,1
24,21,124914.53,2,0
3,9,3649.1,0,0
113,1,668.58,0,0
64,1,600.39,0,0
16,4,807.04,0,0
96,3,803.5600000000001,0,0
1,8,1859.31,0,0
163,2,1760.96,1,0
78,1,777.2,0,0
195,1,582.73,1,1
22,3,825.8000000000001,0,0
26,9,7956.46,0,0
9,4,3750.4,0,0
43,1,256.4,0,0
36,15,6419.95,3,0
43,5,5059.32,0,0
1,7,13375.87,0,0
85,2,806.14,0,0
80,2,7829.89,0,0
100,1,509.01,0,0
2,18,4951.41,3,0
14,2,2906.85,0,0
367,1,173.55,1,1
3,1,172.06,0,0
21,5,5005.46,0,0
22,1,133.4,0,0
58,1,1002.31,0,0
243,1,476.49,1,1
44,1,449.45,0,0
22,4,4067.29,0,0
156,2,197.88,1,0
11,5,9035.52,0,0
17,2,430.5700000000001,0,0
134,1,707.09,0,0
56,1,3528.34,0,0
73,6,2466.86,0,0
44,3,3181.04,0,0
66,7,2363.23,0,0
71,2,947.4,0,0
94,2,826.88,0,0
19,2,1189.59,0,0
53,4,1344.78,0,0
10,8,1212.05,0,0
17,2,742.19,0,0
188,2,729.54,1,1
2,30,19788.65,3,0
32,7,6572.11,0,0
29,5,3928.05,0,0
17,18,7324.09,3,0
54,1,723.38,0,0
16,11,6816.42,0,0
23,6,13219.74,0,0
4,1,680.99,0,0
11,1,527.2,0,0
28,4,3281.63,0,0
23,10,5579.82,0,0
17,8,2484.98,0,0
33,6,4527.32,0,0
10,3,1298.66,0,0
336,1,334.93,1,1
5,10,5417.93,0,0
39,1,460.4,0,0
63,2,263.21000000000004,0,0
166,2,433.74,1,0
16,7,1246.1,0,0
82,1,1043.1,0,0
21,3,403.7000000000001,0,0
23,11,4257.82,0,0
337,1,2169.39,1,1
96,5,3723.87,0,0
18,2,482.05,0,0
233,1,73.5,1,1
134,3,1304.81,0,0
26,2,397.88,0,0
284,1,176.5,1,1
143,2,982.57,0,0
66,2,132.18,0,0
113,1,612.29,0,0
267,1,1017.68,1,1
353,1,383.7,1,1
78,2,1312.06,0,0
28,5,2481.6,0,0
1,5,2056.89,0,0
64,1,330.84000000000003,0,0
79,5,2634.26,0,0
143,1,599.68,1,0
39,2,192.72,0,0
19,11,1789.77,0,0
9,8,4485.72,0,0
1,3,1316.66,0,0
82,3,348.71000000000004,0,0
9,6,1933.48,0,0
60,4,1662.28,0,0
15,1,125.22,0,0
30,1,349.83000000000004,0,0
131,1,1089.18,0,0
92,2,716.35,0,0
43,3,12601.830000000002,0,0
29,1,363.95,0,0
22,4,5568.35,0,0
20,17,13400.24,3,0
30,3,981.18,0,0
36,1,372.7,0,0
75,2,1000.39,0,0
47,2,1161.5,0,0
198,2,207.8,1,1
166,1,95.2,1,0
79,1,964.83,0,0
358,1,168.0,1,1
39,2,437.82,0,0
8,10,3692.28,0,0
50,2,599.56,0,0
16,5,11990.96,0,0
8,1,269.96,0,0
311,2,561.71,1,1
5,3,2134.01,0,0
303,1,238.85,1,1
8,7,3781.74,0,0
261,1,456.9,1,1
289,1,145.92000000000002,1,1
86,1,351.65,0,0
23,10,9401.28,0,0
2,32,4124.6900000000005,3,0
40,2,519.61,0,0
9,2,1020.42,0,0
227,1,160.54000000000002,1,1
316,1,218.45,1,1
36,5,1315.83,0,0
35,3,626.6,0,0
21,2,2794.51,0,0
78,1,440.42,0,0
247,1,415.7,1,1
40,1,197.71,0,0
239,2,511.36,1,1
3,15,7281.38,3,0
4,9,2338.15,0,0
234,2,2040.1,1,1
17,1,196.94000000000003,0,0
8,1,144.0,0,0
39,1,214.9,0,0
29,2,646.68,0,0
211,2,9864.26,1,1
317,1,452.85,1,1
92,2,437.6,0,0
109,3,418.1,0,0
38,10,3338.2200000000003,0,0
51,2,618.27,0,0
19,4,3811.22,0,0
10,8,3023.08,0,0
29,7,1032.58,0,0
29,10,2599.04,0,0
190,5,577.0600000000001,1,1
59,1,153.12,0,0
22,1,739.1999999999999,0,0
79,2,254.18,0,0
60,1,1579.51,0,0
78,3,1126.85,0,0
23,5,2099.54,0,0
52,1,1193.32,0,0
74,1,704.04,0,0
57,5,3344.38,0,0
278,1,315.6,1,1
2,4,2291.19,0,0
95,2,713.3,0,0
29,1,352.98,0,0
22,1,177.31,0,0
16,9,3641.24,0,0
15,3,1339.41,0,0
2,20,13689.67,3,0
232,1,180.1,1,1
276,1,305.1,1,1
106,2,641.13,0,0
212,2,2683.82,1,1
23,9,6620.4800000000005,0,0
11,7,4478.53,0,0
4,3,786.46,0,0
10,2,1270.88,0,0
57,1,640.5,0,0
59,4,2163.98,0,0
90,2,1689.18,0,0
67,8,6002.9,0,0
33,1,671.69,0,0
239,1,486.1,1,1
24,3,1174.58,0,0
115,1,185.9,0,0
25,3,1013.26,0,0
128,6,3344.64,0,0
130,1,477.91,0,0
34,4,1775.18,0,0
5,2,1346.97,0,0
22,12,3722.82,0,0
155,1,318.05,1,0
107,3,623.51,0,0
3,1,314.44,0,0
335,1,114.0,1,1
331,1,919.98,1,1
149,2,2209.85,1,0
11,5,601.98,0,0
17,5,4051.17,0,0
11,4,1643.18,0,0
19,1,686.05,0,0
30,1,91.68,0,0
11,1,245.1,0,0
1,11,3849.78,0,0
8,9,4881.88,0,0
325,1,63.0,1,1
58,1,620.13,0,0
12,4,3807.15,0,0
151,3,2744.03,1,0
10,5,2996.05,0,0
330,1,225.9,1,1
5,2,610.52,0,0
39,4,1970.6,0,0
25,6,1331.39,0,0
42,12,17628.46,3,0
59,4,1113.02,0,0
1,4,862.81,0,0
15,22,13787.54,3,0
4,31,12279.82,3,0
4,15,8476.57,3,0
8,7,2283.63,0,0
28,6,2863.08,0,0
372,1,89.14,1,1
114,1,4873.81,0,0
26,2,1247.61,0,0
206,1,389.01,1,1
28,6,1035.8,0,0
127,4,855.91,0,0
70,2,869.67,0,0
7,4,582.1,0,0
29,3,957.59,0,0
8,4,4939.99,0,0
80,2,797.71,0,0
20,1,219.0,0,0
71,1,283.55,0,0
7,8,2340.84,0,0
15,9,6868.29,0,0
292,1,603.42,1,1
30,10,2712.91,0,0
15,15,9706.52,3,0
97,3,1149.02,0,0
29,13,4396.13,0,0
1,1,848.55,0,0
9,5,4708.86,0,0
106,1,343.36,0,0
4,2,1053.49,0,0
151,2,1030.98,1,0
71,1,238.25,0,0
5,2,644.95,0,0
3,25,5781.7300000000005,3,0
32,6,2656.13,0,0
85,4,997.63,0,0
4,5,725.07,0,0
5,4,1031.41,0,0
371,1,427.8,1,1
28,7,2609.1,0,0
11,7,3980.7,0,0
71,4,836.33,0,0
114,1,453.01,0,0
24,12,18895.91,3,0
180,1,236.26,1,0
234,1,383.95,1,1
353,1,110.4,1,1
315,2,779.5699999999999,1,1
333,1,234.0,1,1
372,1,155.35,1,1
78,2,1013.04,0,0
64,1,427.6,0,0
134,2,540.13,0,0
52,7,21279.29,3,0
2,11,4196.01,0,0
1,209,33053.19,2,0
4,5,4090.88,0,0
129,1,275.88,0,0
81,1,4366.78,0,0
23,6,21429.39,0,0
236,3,3010.74,1,1
281,2,3811.95,1,1
87,1,112.08,0,0
16,13,7834.650000000001,3,0
117,2,2791.59,0,0
52,3,1531.44,0,0
8,2,1898.52,0,0
138,2,494.08,0,0
317,1,1693.88,1,1
4,7,6989.63,0,0
239,1,1143.6,1,1
211,1,1351.45,1,1
60,1,892.47,0,0
17,5,1386.04,0,0
20,6,822.23,0,0
38,8,3981.36,0,0
64,2,826.74,0,0
5,5,2330.92,0,0
2,6,2225.91,0,0
9,2,532.82,0,0
364,1,311.95,1,1
10,3,463.66,0,0
65,1,91.85,0,0
192,1,324.92,1,1
374,1,192.6,1,1
257,1,400.54,1,1
335,2,545.48,1,1
53,2,860.41,0,0
19,1,430.48,0,0
366,1,254.03,1,1
10,3,6977.04,0,0
187,1,427.58,1,1
37,3,483.65,0,0
178,1,489.31,1,0
261,3,514.85,1,1
45,1,229.64,0,0
102,1,125.92,0,0
148,2,1063.46,1,0
96,2,572.2,0,0
281,1,166.04000000000002,1,1
262,1,1542.08,1,1
3,4,942.34,0,0
214,1,92.72,1,1
71,2,948.88,0,0
75,5,1759.5,0,0
60,1,397.12,0,0
3,7,1474.72,0,0
6,3,430.15,0,0
3,6,1018.71,0,0
337,2,293.0,1,1
38,6,6814.64,0,0
262,1,215.05,1,1
32,2,383.03,0,0
145,1,417.38,1,0
283,1,312.38,1,1
59,4,2610.36,0,0
173,1,134.1,1,0
34,2,671.95,0,0
3,14,5591.42,3,0
144,4,2726.77,0,0
5,25,3991.58,3,0
70,2,1118.99,0,0
66,8,1702.26,0,0
29,2,325.96000000000004,0,0
267,4,354.09000000000003,1,1
22,1,843.64,0,0
31,2,1010.29,0,0
97,1,131.81,0,0
295,1,311.55,1,1
135,6,1957.1,0,0
79,3,1316.25,0,0
373,1,38.1,1,1
8,6,2170.78,0,0
211,2,1106.4,1,1
52,1,521.2,0,0
138,1,147.12,0,0
26,2,1568.23,0,0
283,1,559.12,1,1
26,7,4009.34,0,0
186,6,1607.0600000000002,1,1
84,2,380.64,0,0
327,2,599.97,1,1
282,1,374.0,1,1
143,2,343.2300000000001,0,0
58,2,2218.02,0,0
4,12,1535.77,0,0
236,2,854.99,1,1
45,3,573.22,0,0
276,1,298.0,1,1
9,2,1463.04,0,0
25,4,703.47,0,0
88,1,309.05,0,0
63,3,1175.22,0,0
68,2,1378.4,0,0
214,2,354.12,1,1
24,1,376.72,0,0
186,3,331.0,1,1
31,1,176.55,0,0
42,2,372.8,0,0
205,2,216.5,1,1
9,28,17654.54,3,0
265,1,138.68,1,1
18,2,496.06,0,0
12,5,2919.81,0,0
176,2,750.0,1,0
40,5,2178.67,0,0
23,8,3075.04,0,0
3,5,1662.3,0,0
5,5,2483.63,0,0
149,2,363.65,1,0
139,4,2944.95,0,0
128,1,594.0,0,0
8,6,1335.19,0,0
17,1,162.78,0,0
9,37,16587.09,3,0
161,1,405.38,1,0
64,1,172.82,0,0
88,4,933.7,0,0
5,2,694.05,0,0
35,5,2062.7,0,0
312,1,117.85,1,1
78,2,415.8,0,0
22,15,42055.96,3,0
24,3,607.53,0,0
2,7,2160.7,0,0
17,4,1063.9,0,0
15,4,1504.27,0,0
26,1,114.14,0,0
64,8,11581.8,0,0
55,2,899.69,0,0
131,3,675.6,0,0
36,2,604.51,0,0
288,1,462.95,1,1
144,6,1603.99,0,0
16,7,2064.95,0,0
31,8,4167.22,0,0
2,3,1843.0,0,0
9,6,1064.07,0,0
6,4,1387.79,0,0
10,1,329.85,0,0
1,11,4757.16,0,0
306,1,108.07,1,1
10,8,4017.54,0,0
7,2,266.39,0,0
8,8,1856.63,0,0
89,1,769.8100000000001,0,0
10,1,160.18,0,0
358,2,1660.9,1,1
112,1,135.95,0,0
7,4,405.47,0,0
4,86,11189.91,3,0
198,1,144.8,1,1
212,1,738.6,1,1
156,1,39.24,1,0
158,9,7374.900000000001,0,0
30,2,372.22,0,0
243,1,390.54,1,1
19,1,97.5,0,0
1,2,1239.38,0,0
74,2,558.7,0,0
292,1,505.82,1,1
3,15,6924.11,3,0
31,3,409.5,0,0
23,2,503.76,0,0
23,4,414.76,0,0
4,3,974.42,0,0
85,1,211.32,0,0
22,4,1226.89,0,0
196,3,455.88,1,1
107,3,534.85,0,0
4,13,9785.97,3,0
318,1,120.95,1,1
106,3,149.05,0,0
12,18,5655.91,3,0
174,2,513.7,1,0
56,1,81.57,0,0
323,1,229.47,1,1
372,1,50.55,1,1
9,8,1646.84,0,0
1,13,4810.9400000000005,0,0
11,10,3466.28,0,0
53,5,3339.64,0,0
73,3,789.89,0,0
7,1,204.0,0,0
16,28,7277.7,3,0
4,9,2616.38,0,0
64,2,689.9,0,0
1,5,975.36,0,0
114,6,6912.0,0,0
23,2,661.3199999999999,0,0
31,3,1247.5,0,0
11,2,752.44,0,0
52,2,1010.18,0,0
357,1,190.55,1,1
55,2,642.77,0,0
74,2,921.88,0,0
138,3,881.07,0,0
80,3,908.46,0,0
9,2,676.99,0,0
273,1,516.42,1,1
291,1,560.47,1,1
99,1,305.28000000000003,0,0
31,2,629.31,0,0
32,10,3237.54,0,0
14,4,1819.41,0,0
64,2,656.6800000000001,0,0
15,17,5836.86,3,0
212,1,348.15000000000003,1,1
78,3,1214.41,0,0
25,3,271.40000000000003,0,0
250,1,183.4,1,1
254,1,307.53000000000003,1,1
72,1,248.61,0,0
191,1,346.98,1,1
13,4,1105.59,0,0
373,1,205.86,1,1
24,2,470.8,0,0
82,1,115.46,0,0
10,2,344.0,0,0
1,24,4431.44,3,0
192,1,228.8,1,1
267,1,177.15,1,1
130,1,919.61,0,0
1,4,728.02,0,0
3,26,12627.94,3,0
4,5,220.1,0,0
179,1,58.08,1,0
12,11,28337.38,3,0
126,9,3613.63,0,0
4,2,303.75,0,0
158,2,416.08,1,0
3,97,58762.08,2,0
9,14,8910.82,3,0
28,1,345.82,0,0
71,5,477.83,0,0
276,8,7832.47,1,1
21,12,1927.32,0,0
71,1,74.39999999999999,0,0
33,10,6003.22,0,0
1,28,28882.44,3,0
99,1,207.36,0,0
234,1,101.19,1,1
1,24,6424.09,3,0
40,1,243.94,0,0
3,6,1098.48,0,0
133,1,76.5,0,0
44,4,1531.62,0,0
373,1,350.06,1,1
60,2,786.54,0,0
31,7,1488.67,0,0
1,24,12245.96,3,0
12,4,2294.78,0,0
138,1,501.14,0,0
22,8,984.91,0,0
20,5,1197.81,0,0
239,1,30.6,1,1
269,1,283.73,1,1
94,2,922.39,0,0
90,3,3756.33,0,0
5,8,2099.64,0,0
78,1,259.17,0,0
94,1,64.0,0,0
23,3,1073.3,0,0
262,1,77.3,1,1
274,2,109.8,1,1
86,4,1793.58,0,0
197,1,3096.0,1,1
56,5,2607.61,0,0
11,8,3603.29,0,0
22,6,962.39,0,0
16,7,5064.9400000000005,0,0
108,3,422.47,0,0
85,5,2388.75,0,0
19,1,307.09000000000003,0,0
333,1,110.95,1,1
40,4,618.52,0,0
26,1,228.91,0,0
10,4,712.8,0,0
29,12,3683.26,0,0
14,4,1676.06,0,0
296,1,1257.87,1,1
6,1,486.22,0,0
33,4,971.76,0,0
49,4,1741.22,0,0
95,4,1201.06,0,0
9,4,1429.35,0,0
22,1,91.8,0,0
313,1,112.75,1,1
122,4,1688.29,0,0
46,2,1021.48,0,0
283,1,417.2,1,1
19,4,791.33,0,0
36,4,1299.59,0,0
64,2,712.88,0,0
27,1,108.81,0,0
22,3,468.41,0,0
4,2,353.65000000000003,0,0
16,3,2742.82,0,0
46,1,481.49,0,0
65,1,282.45,0,0
26,11,5725.47,0,0
45,1,121.18,0,0
8,9,3957.78,0,0
15,10,1668.95,0,0
268,1,71.4,1,1
40,3,1575.89,0,0
337,1,236.02,1,1
11,1,114.6,0,0
19,2,260.68,0,0
95,2,911.94,0,0
61,1,112.08,0,0
136,1,60.7,0,0
11,4,1797.78,0,0
10,6,3401.24,0,0
4,38,9817.12,3,0
19,4,870.09,0,0
10,4,869.46,0,0
15,2,250.26,0,0
59,6,1217.65,0,0
30,8,5891.61,0,0
94,1,353.48,0,0
10,3,1095.42,0,0
20,3,786.83,0,0
57,5,1520.58,0,0
268,1,333.74,1,1
122,3,533.98,0,0
127,1,62.64,0,0
78,4,819.2900000000001,0,0
240,2,847.41,1,1
200,2,163.2,1,1
60,2,2155.95,0,0
3,7,6463.84,0,0
273,1,108.21,1,1
202,1,257.7,1,1
81,1,358.0,0,0
226,1,160.95,1,1
4,14,2755.63,0,0
13,7,1328.35,0,0
74,2,605.12,0,0
212,1,1031.07,1,1
25,2,744.85,0,0
17,4,700.73,0,0
262,1,329.56,1,1
96,4,663.65,0,0
112,3,270.40000000000003,0,0
203,1,585.12,1,1
93,1,121.74,0,0
51,1,430.5,0,0
18,6,1961.52,0,0
18,4,501.12,0,0
125,2,465.68,0,0
92,3,711.41,0,0
157,2,1030.4,1,0
9,2,399.51,0,0
12,3,672.83,0,0
62,1,283.18,0,0
61,1,557.62,0,0
269,2,944.1,1,1
263,1,200.29,1,1
1,35,7436.93,3,0
53,5,2092.66,0,0
11,12,3834.26,0,0
3,19,4521.49,3,0
18,11,3174.75,0,0
1,15,5343.28,3,0
366,1,590.0,1,1
37,1,211.49,0,0
31,2,276.56,0,0
113,1,138.98,0,0
64,2,590.9300000000001,0,0
16,4,258.4,0,0
41,1,542.73,0,0
78,1,137.75,0,0
122,3,798.46,0,0
18,3,1132.14,0,0
60,2,93.66,0,0
331,1,201.19,1,1
23,4,2709.12,0,0
156,1,361.11,1,0
39,2,578.94,0,0
190,2,873.74,1,1
360,1,201.2,1,1
137,1,87.4,0,0
8,4,2089.85,0,0
1,1,360.0,0,0
268,1,142.5,1,1
169,1,371.89,1,0
104,4,618.09,0,0
155,1,63.75,1,0
351,1,300.42,1,1
4,10,2000.86,0,0
120,1,15.0,0,0
23,3,1385.51,0,0
7,5,1456.79,0,0
28,3,1132.03,0,0
4,2,598.57,0,0
22,5,1555.3200000000002,0,0
2,3,775.94,0,0
37,4,5732.93,0,0
66,6,2273.68,0,0
1,3,640.76,0,0
5,26,10845.55,3,0
78,4,1532.2,0,0
72,2,567.36,0,0
17,1,199.48,0,0
3,5,787.85,0,0
36,10,7121.95,0,0
82,1,675.3,0,0
39,8,3627.77,0,0
316,1,1308.48,1,1
32,2,789.0,0,0
93,3,1140.93,0,0
14,1,350.90000000000003,0,0
82,3,3502.32,0,0
77,1,795.12,0,0
158,1,487.02,1,0
201,1,860.12,1,1
45,7,10736.48,0,0
261,1,775.85,1,1
178,1,353.43,1,0
68,3,2511.69,0,0
288,1,389.5,1,1
70,1,341.36,0,0
64,1,233.76,0,0
11,1,247.32,0,0
16,2,979.12,0,0
66,1,373.94,0,0
60,1,397.98,0,0
71,1,743.53,0,0
122,1,674.7,0,0
80,1,768.24,0,0
257,1,609.4,1,1
269,1,439.03,1,1
64,1,439.56,0,0
9,4,3090.74,0,0
18,2,992.5,0,0
71,1,134.96,0,0
34,2,2225.37,0,0
50,1,56.16,0,0
257,2,623.4,1,1
366,1,308.28000000000003,1,1
372,1,754.87,1,1
90,1,378.64,0,0
61,3,3312.25,0,0
89,1,778.65,0,0
99,3,1019.76,0,0
26,3,572.56,0,0
32,6,3639.31,0,0
281,1,222.99,1,1
31,7,4151.93,0,0
330,1,534.57,1,1
131,2,677.1,0,0
11,3,797.96,0,0
75,1,544.08,0,0
204,1,59.8,1,1
2,8,2520.02,0,0
185,1,307.72,1,1
29,2,1360.99,0,0
73,5,1544.13,0,0
192,1,457.34,1,1
127,2,621.23,0,0
18,1,75.0,0,0
1,2,252.49,0,0
74,3,572.451,0,0
2,62,28117.04,3,0
24,5,1003.06,0,0
107,1,213.55,0,0
134,3,1390.5,0,0
44,2,712.5,0,0
5,2,640.83,0,0
12,18,6127.43,3,0
64,1,221.06,0,0
150,2,159.85,1,0
40,2,1833.71,0,0
64,1,2626.3,0,0
108,3,1624.21,0,0
1,10,3641.32,0,0
19,3,582.6,0,0
10,1,201.78,0,0
11,4,1006.8,0,0
19,2,679.45,0,0
67,2,1269.1,0,0
74,2,534.24,0,0
5,7,3809.89,0,0
2,1,196.89,0,0
14,7,3408.06,0,0
255,1,283.71,1,1
92,1,296.64,0,0
23,3,1129.14,0,0
17,6,3534.69,0,0
24,1,291.88,0,0
27,6,2043.72,0,0
26,5,2898.26,0,0
259,2,590.0,1,1
166,2,356.98,1,0
25,2,1058.34,0,0
18,6,1766.72,0,0
7,14,9646.57,3,0
29,2,183.44,0,0
39,3,1445.0,0,0
253,1,151.5,1,1
58,1,674.68,0,0
184,1,307.90000000000003,1,1
11,2,1071.91,0,0
2,37,5704.97,3,0
99,2,165.0,0,0
1,4,2501.84,0,0
61,2,422.64,0,0
236,1,226.84,1,1
191,4,1431.78,1,1
179,2,1238.47,1,0
38,6,1454.58,0,0
201,2,300.95,1,1
46,5,1804.56,0,0
232,1,184.64,1,1
66,1,140.34,0,0
241,1,313.8,1,1
233,1,454.24,1,1
78,3,1122.41,0,0
58,3,575.4,0,0
17,13,8968.31,3,0
105,4,449.52,0,0
52,10,1215.82,0,0
136,3,1269.84,0,0
275,2,618.63,1,1
312,1,316.26000000000005,1,1
8,5,2044.87,0,0
11,2,653.33,0,0
283,2,348.05,1,1
18,5,1159.11,0,0
23,3,1166.77,0,0
288,1,1340.32,1,1
17,3,292.0,0,0
71,1,216.85,0,0
64,1,295.93,0,0
73,4,4393.63,0,0
316,2,458.52,1,1
3,4,2479.16,0,0
244,1,110.97,1,1
9,7,979.72,0,0
1,4,1791.56,0,0
261,1,251.21,1,1
127,1,205.1,0,0
74,1,152.20000000000002,0,0
73,4,891.12,0,0
21,3,1389.41,0,0
60,3,2128.42,0,0
86,1,627.16,0,0
78,1,122.75,0,0
59,6,3624.35,0,0
1,3,1071.73,0,0
30,1,125.8,0,0
33,5,3964.88,0,0
41,5,680.1800000000001,0,0
15,2,628.78,0,0
34,7,2242.36,0,0
79,2,307.76,0,0
205,2,483.8,1,1
34,1,210.31,0,0
183,3,269.09,1,1
2,25,5870.08,3,0
1,7,3444.39,0,0
43,7,1280.85,0,0
86,3,631.34,0,0
40,2,276.06,0,0
12,3,621.09,0,0
96,2,678.16,0,0
26,7,918.2,0,0
319,1,91.8,1,1
66,12,3740.07,0,0
74,4,4098.88,0,0
28,2,584.0600000000001,0,0
6,4,594.52,0,0
7,1,171.42000000000002,0,0
216,1,141.86,1,1
82,3,1799.3300000000002,0,0
84,2,777.53,0,0
144,3,1724.67,0,0
19,2,240.22,0,0
41,2,856.84,0,0
173,1,187.05,1,0
17,2,338.62,0,0
243,1,239.49,1,1
13,12,2088.94,0,0
206,1,1384.25,1,1
50,2,290.25,0,0
23,5,732.07,0,0
10,18,6717.34,3,0
25,4,1687.6,0,0
15,2,467.04,0,0
309,1,118.0,1,1
156,1,781.03,1,0
307,1,142.4,1,1
64,1,712.4,0,0
16,9,2478.95,0,0
15,2,379.65,0,0
11,6,1981.92,0,0
65,3,1117.13,0,0
36,4,247.96,0,0
108,5,2011.88,0,0
53,1,396.97,0,0
6,2,664.11,0,0
47,1,160.04,0,0
1,21,5149.92,3,0
312,1,219.52,1,1
45,2,693.32,0,0
65,1,428.89,0,0
26,1,164.34,0,0
29,3,276.75,0,0
40,1,675.51,0,0
12,7,1082.33,0,0
89,3,1154.4,0,0
24,4,1585.46,0,0
319,1,417.69,1,1
40,3,544.18,0,0
174,1,177.34,1,0
117,1,213.85,0,0
31,5,727.74,0,0
253,1,257.23,1,1
59,5,1638.47,0,0
23,11,7792.36,0,0
5,7,2031.78,0,0
100,11,3070.42,0,0
25,5,2118.93,0,0
33,5,1547.36,0,0
68,1,1071.03,0,0
37,5,949.12,0,0
52,3,804.3,0,0
16,1,122.64,0,0
74,1,1033.34,0,0
216,1,312.28,1,1
31,3,519.44,0,0
16,4,2624.26,0,0
120,1,252.1,0,0
10,4,1648.12,0,0
257,2,346.6,1,1
17,6,1836.34,0,0
35,2,94.2,0,0
46,3,1095.08,0,0
43,6,2707.33,0,0
114,2,932.97,0,0
165,2,379.65,1,0
11,2,382.14,0,0
10,5,2639.17,0,0
206,2,1563.0,1,1
86,3,881.26,0,0
179,1,189.47,1,0
60,3,84.65,0,0
149,1,299.05,1,0
3,21,6309.83,3,0
51,2,218.55,0,0
75,1,349.7,0,0
301,2,186.39,1,1
19,2,387.44,0,0
151,2,486.8200000000001,1,0
152,1,232.6,1,0
1,4,3719.12,0,0
18,4,827.83,0,0
187,1,59.5,1,1
286,1,65.13,1,1
3,7,3119.44,0,0
183,1,72.0,1,1
63,1,910.0,0,0
59,1,172.25,0,0
25,3,1488.32,0,0
4,50,65039.62,3,0
31,15,2504.13,0,0
39,1,151.3,0,0
155,1,308.58000000000004,1,0
26,10,2248.63,0,0
318,1,99.5,1,1
5,9,2308.06,0,0
8,3,711.86,0,0
303,1,330.79,1,1
267,2,806.41,1,1
271,1,285.33,1,1
4,13,6307.650000000001,0,0
32,1,180.48,0,0
219,2,252.06,1,1
247,1,228.84,1,1
281,5,1077.39,1,1
269,1,138.28,1,1
32,6,1445.01,0,0
246,2,306.55,1,1
15,5,1041.68,0,0
117,4,799.9,0,0
36,1,524.14,0,0
132,3,2375.41,0,0
217,1,199.85,1,1
50,8,1980.56,0,0
39,2,1079.66,0,0
29,2,333.48,0,0
37,6,1016.14,0,0
136,2,752.6,0,0
219,2,610.59,1,1
28,1,491.86,0,0
25,4,2883.54,0,0
5,2,729.8,0,0
200,1,339.6,1,1
18,1,216.9,0,0
241,1,350.75,1,1
72,3,668.4300000000001,0,0
17,12,3107.87,0,0
3,7,1341.6,0,0
95,2,1080.52,0,0
162,1,300.04,1,0
374,1,79.6,1,1
96,5,948.25,0,0
54,5,1647.26,0,0
288,1,296.25,1,1
124,6,1175.38,0,0
288,1,741.26,1,1
152,2,282.6,1,0
4,9,2108.06,0,0
2,14,5189.52,3,0
12,7,3190.55,0,0
33,2,659.4100000000001,0,0
54,2,286.79,0,0
50,2,1070.65,0,0
219,1,306.72,1,1
63,1,1714.96,0,0
71,3,1519.42,0,0
2,37,17220.36,3,0
2,10,2796.51,0,0
64,4,2634.45,0,0
34,3,1122.63,0,0
82,1,345.0,0,0
1,33,25977.16,3,0
103,1,178.7,0,0
7,2,360.01,0,0
251,1,127.84,1,1
13,6,908.86,0,0
10,11,2462.79,0,0
367,1,230.4,1,1
76,2,309.04,0,0
4,1,348.79999999999995,0,0
128,2,1516.0,0,0
66,2,195.55,0,0
1,57,37153.85,3,0
117,2,688.86,0,0
310,1,558.32,1,1
67,1,324.8,0,0
139,3,4599.42,0,0
255,1,277.07,1,1
31,7,2588.39,0,0
52,2,924.6,0,0
64,1,256.38,0,0
367,1,112.6,1,1
6,5,1747.66,0,0
305,1,155.05,1,1
29,3,1499.01,0,0
184,3,814.5,1,1
42,3,539.0,0,0
40,4,1366.86,0,0
92,2,1579.12,0,0
22,4,4027.36,0,0
24,2,571.6700000000001,0,0
29,2,382.98,0,0
302,3,1140.35,1,1
145,2,385.64,1,0
6,2,632.0,0,0
19,2,957.66,0,0
33,5,1698.94,0,0
176,1,189.5,1,0
58,3,409.8,0,0
22,1,209.49,0,0
16,6,2198.45,0,0
19,1,52.2,0,0
159,1,383.85,1,0
25,4,834.57,0,0
212,2,266.59000000000003,1,1
6,4,674.82,0,0
253,1,85.0,1,1
59,9,3385.62,0,0
11,1,361.62,0,0
65,1,312.98,0,0
25,3,865.0600000000001,0,0
92,3,1255.0,0,0
52,2,1537.95,0,0
129,1,1595.48,0,0
96,3,2651.46,0,0
57,1,1090.14,0,0
9,25,8109.519999999999,3,0
169,3,388.5,1,0
57,1,216.17,0,0
326,1,201.16,1,1
1,5,1245.9,0,0
18,8,2209.36,0,0
248,1,305.78,1,1
58,4,501.56,0,0
74,1,145.67,0,0
31,3,1005.09,0,0
7,2,3192.54,0,0
123,4,3083.65,0,0
2,8,2770.94,0,0
23,13,6403.25,0,0
120,3,389.6,0,0
358,1,540.45,1,1
54,5,1786.79,0,0
64,1,122.7,0,0
86,1,117.24,0,0
55,1,1271.57,0,0
21,13,3219.77,0,0
4,20,17159.52,3,0
3,5,1191.13,0,0
11,5,2674.48,0,0
7,5,787.6,0,0
189,2,506.8,1,1
71,1,243.56,0,0
204,1,349.55,1,1
120,2,595.67,0,0
93,1,416.9,0,0
1,10,1883.81,0,0
27,4,632.97,0,0
298,1,821.1,1,1
24,3,564.62,0,0
28,4,2593.07,0,0
50,1,311.16,0,0
326,1,155.93,1,1
16,2,388.52,0,0
183,3,740.95,1,1
72,5,2867.2000000000003,0,0
37,2,332.64,0,0
80,4,2369.55,0,0
57,9,2580.91,0,0
12,2,626.45,0,0
50,2,272.04,0,0
50,2,1212.84,0,0
59,2,384.81,0,0
352,1,172.25,1,1
54,1,351.13,0,0
2,6,1838.85,0,0
93,4,678.25,0,0
23,1,223.85,0,0
75,1,348.99,0,0
11,4,464.57,0,0
169,2,842.65,1,0
58,2,337.34,0,0
96,2,1237.53,0,0
295,1,307.4,1,1
109,2,608.79,0,0
264,1,922.1,1,1
180,1,376.58,1,0
169,1,158.85,1,0
35,1,71.66,0,0
23,3,568.55,0,0
17,4,839.14,0,0
22,5,5112.96,0,0
79,3,561.57,0,0
65,1,90.6,0,0
361,1,102.0,1,1
3,6,2427.32,0,0
11,4,745.0600000000001,0,0
176,3,674.45,1,0
218,2,3251.071,1,1
7,7,3515.68,0,0
2,2,439.92,0,0
154,2,322.96,1,0
5,5,1019.27,0,0
79,3,594.04,0,0
21,2,230.22,0,0
22,2,169.54999999999998,0,0
308,4,664.54,1,1
146,1,80.7,1,0
7,18,9024.17,3,0
19,8,2758.26,0,0
71,2,190.25,0,0
287,1,264.7,1,1
49,1,413.59,0,0
31,6,2461.24,0,0
207,1,357.98,1,1
15,2,196.79,0,0
73,1,869.87,0,0
60,1,200.14,0,0
39,4,1871.81,0,0
30,12,2603.43,0,0
27,5,920.51,0,0
4,15,7060.13,3,0
17,1,320.46,0,0
20,6,4147.96,0,0
66,2,1266.08,0,0
213,1,311.3,1,1
12,6,852.88,0,0
30,1,76.8,0,0
43,9,3466.36,0,0
4,6,2274.14,0,0
15,5,1393.69,0,0
10,12,3901.81,0,0
211,1,635.66,1,1
46,3,2043.08,0,0
134,2,529.73,0,0
43,7,4582.64,0,0
10,5,2874.72,0,0
116,3,962.19,0,0
198,2,695.61,1,1
278,1,328.8,1,1
110,3,473.02,0,0
77,1,505.18,0,0
53,1,917.34,0,0
162,4,4341.21,1,0
47,3,1421.61,0,0
17,2,642.8,0,0
155,3,631.9,1,0
225,1,440.0,1,1
7,2,584.07,0,0
122,2,327.7,0,0
61,1,104.82,0,0
63,2,467.66,0,0
18,8,2358.84,0,0
7,19,17286.86,3,0
2,11,2975.59,0,0
22,3,648.89,0,0
29,5,1428.02,0,0
285,1,626.65,1,1
176,2,147.20000000000002,1,0
78,3,1560.38,0,0
33,1,152.2,0,0
41,12,3560.32,0,0
266,1,141.41,1,1
27,4,646.42,0,0
109,4,1659.75,0,0
284,1,154.99,1,1
9,5,1308.61,0,0
305,1,409.93,1,1
17,4,5578.72,0,0
32,2,746.36,0,0
1,23,15610.39,3,0
20,1,225.36,0,0
124,2,260.25,0,0
65,1,92.46,0,0
106,1,725.6400000000001,0,0
1,23,8152.71,3,0
24,17,6211.66,3,0
267,1,183.6,1,1
5,19,6140.42,3,0
10,12,10464.85,3,0
29,5,1334.34,0,0
267,1,152.55,1,1
64,2,374.7,0,0
320,1,265.85,1,1
4,8,1437.57,0,0
32,1,151.04,0,0
5,3,942.26,0,0
129,1,118.67,0,0
41,5,499.42,0,0
102,6,1049.37,0,0
125,1,375.1,0,0
33,1,45.6,0,0
302,2,921.62,1,1
365,1,182.25,1,1
4,9,1002.9,0,0
2,18,4421.29,3,0
3,1,191.47,0,0
10,13,50491.81,3,0
57,1,158.75,0,0
325,1,76.32000000000001,1,1
8,14,4076.91,0,0
12,1,433.86,0,0
4,17,65164.79,3,0
37,1,147.35,0,0
16,11,3104.17,0,0
138,1,191.95,0,0
74,6,5976.79,0,0
5,5,1105.88,0,0
155,2,216.21,1,0
239,1,1266.23,1,1
52,7,2703.23,0,0
31,2,597.91,0,0
73,1,144.2,0,0
4,12,5683.15,0,0
14,4,692.85,0,0
23,7,2915.15,0,0
4,4,1840.42,0,0
274,2,386.53,1,1
20,5,1382.74,0,0
144,1,90.0,1,0
4,4,2780.15,0,0
84,1,419.58,0,0
11,3,2720.63,0,0
8,3,706.1300000000001,0,0
123,3,709.71,0,0
61,2,637.5,0,0
2,5,1123.86,0,0
319,1,480.91,1,1
2,11,3586.03,0,0
130,3,605.64,0,0
2,15,4690.31,3,0
2,2,965.88,0,0
46,1,415.82,0,0
4,2,935.05,0,0
3,4,915.13,0,0
373,1,311.81,1,1
134,1,115.8,0,0
47,4,3742.2,0,0
9,5,4191.0,0,0
78,2,483.4,0,0
234,1,157.2,1,1
221,1,446.62,1,1
36,2,658.64,0,0
75,2,621.29,0,0
239,2,1345.62,1,1
266,1,118.75,1,1
10,55,117210.08,2,0
20,2,424.89,0,0
40,1,507.66,0,0
20,11,4630.35,0,0
216,3,1097.62,1,1
174,2,289.36,1,0
87,4,2445.91,0,0
71,2,1631.77,0,0
276,1,120.44,1,1
39,4,562.59,0,0
98,1,363.79,0,0
11,4,450.84,0,0
33,1,134.46,0,0
60,3,3222.3,0,0
297,4,576.9000000000001,1,1
86,4,549.46,0,0
9,7,1600.26,0,0
41,2,701.57,0,0
11,25,4748.52,3,0
67,1,452.89,0,0
331,1,197.65,1,1
31,6,2054.36,0,0
2,15,4654.08,3,0
2,13,4684.76,0,0
68,2,853.39,0,0
5,21,11349.52,3,0
202,2,1012.0,1,1
107,1,335.52,0,0
18,4,701.4,0,0
218,1,185.4,1,1
60,7,747.44,0,0
2,1,150.61,0,0
17,2,466.7,0,0
239,1,328.16,1,1
95,1,151.74,0,0
11,6,2073.43,0,0
106,6,1905.84,0,0
53,9,2241.1,0,0
90,1,1070.48,0,0
31,5,1004.38,0,0
12,6,1789.72,0,0
3,4,1839.3,0,0
2,17,2004.98,3,0
43,1,169.48000000000002,0,0
4,1,89.94,0,0
247,2,632.4000000000001,1,1
42,9,3432.8,0,0
177,1,683.17,1,0
92,3,991.13,0,0
110,4,1009.73,0,0
29,5,2214.79,0,0
26,10,3350.96,0,0
52,3,1547.2,0,0
184,3,925.71,1,1
43,5,2048.07,0,0
49,4,1462.72,0,0
22,4,754.12,0,0
75,5,3144.86,0,0
81,2,490.86,0,0
373,1,161.0,1,1
326,1,146.85,1,1
43,11,2380.85,0,0
30,2,890.34,0,0
184,1,213.7,1,1
235,2,280.55,1,1
9,10,2588.77,0,0
220,2,1693.45,1,1
111,3,1474.06,0,0
278,1,136.77,1,1
318,1,302.58,1,1
7,3,1904.05,0,0
2,5,2879.7000000000003,0,0
260,2,969.06,1,1
64,5,3099.7200000000003,0,0
9,9,12669.98,0,0
142,1,120.0,0,0
51,2,1163.45,0,0
8,8,2618.23,0,0
155,2,333.97,1,0
109,2,530.18,0,0
163,3,1516.24,1,0
332,1,492.65,1,1
226,1,112.32,1,1
74,2,437.96,0,0
51,4,559.97,0,0
99,3,1119.74,0,0
15,3,4188.0,0,0
197,1,134.04,1,1
3,15,3701.44,3,0
31,2,595.25,0,0
21,4,1910.01,0,0
24,3,4628.75,0,0
8,3,176.63,0,0
213,1,426.6,1,1
9,6,911.26,0,0
11,5,2314.65,0,0
2,11,3883.25,0,0
8,9,4871.93,0,0
3,4,1046.56,0,0
40,1,166.20000000000002,0,0
18,4,1305.33,0,0
8,44,51527.3,3,0
8,9,3965.62,0,0
19,1,43.2,0,0
117,1,640.14,0,0
223,1,383.45,1,1
71,3,1858.96,0,0
51,2,2093.32,0,0
89,6,2995.7200000000003,0,0
8,9,2352.53,0,0
243,1,310.26,1,1
47,6,1611.59,0,0
107,1,120.0,0,0
45,6,2481.13,0,0
65,1,508.58,0,0
207,2,477.79,1,1
11,5,1530.75,0,0
115,2,605.0600000000001,0,0
242,1,183.85,1,1
163,1,311.65000000000003,1,0
17,7,4975.24,0,0
124,2,462.66,0,0
23,3,840.21,0,0
68,1,415.2,0,0
17,8,2552.21,0,0
16,2,454.86,0,0
17,4,1614.91,0,0
161,2,588.22,1,0
243,1,309.52000000000004,1,1
219,1,134.7,1,1
45,8,2166.98,0,0
21,4,668.5600000000001,0,0
127,8,889.9300000000001,0,0
39,1,108.98,0,0
121,2,1021.58,0,0
260,1,409.57,1,1
10,1,133.5,0,0
274,1,282.93,1,1
165,1,51.0,1,0
157,4,1078.96,1,0
215,1,90.6,1,1
6,2,163.62,0,0
366,1,174.4,1,1
80,2,701.23,0,0
43,1,225.12,0,0
19,3,912.18,0,0
32,4,2118.03,0,0
22,1,151.5,0,0
109,8,3717.35,0,0
8,16,9227.82,3,0
320,1,155.0,1,1
295,1,100.5,1,1
358,1,76.55,1,1
185,1,235.56,1,1
191,2,617.05,1,1
44,2,348.1,0,0
52,1,202.68,0,0
26,1,615.49,0,0
38,3,1247.69,0,0
9,3,202.11,0,0
297,1,142.4,1,1
33,3,1727.6,0,0
10,8,3212.84,0,0
65,2,1043.46,0,0
10,9,4642.57,0,0
218,1,67.95,1,1
2,9,3479.91,0,0
65,2,487.99,0,0
3,19,2612.96,3,0
149,1,574.7,1,0
4,13,4051.48,0,0
130,4,1475.81,0,0
34,6,1449.32,0,0
119,1,156.75,0,0
107,6,2157.73,0,0
11,7,2599.03,0,0
71,6,2059.4500000000003,0,0
92,9,1100.27,0,0
311,1,1063.0,1,1
43,2,770.03,0,0
362,1,121.05,1,1
92,7,1496.98,0,0
1,13,5855.57,0,0
22,2,490.22,0,0
4,3,1937.25,0,0
11,6,1051.79,0,0
99,1,387.52,0,0
57,2,813.11,0,0
1,6,4263.64,0,0
218,1,265.2,1,1
18,1,322.08,0,0
24,10,4481.67,0,0
50,2,363.34,0,0
7,5,1224.06,0,0
303,1,470.36,1,1
10,6,2248.5,0,0
22,6,1372.8,0,0
99,1,89.06,0,0
366,1,63.0,1,1
306,1,131.9,1,1
320,1,2661.24,1,1
8,5,2357.68,0,0
1,4,1712.89,0,0
205,2,1589.82,1,1
54,4,1420.2,0,0
1,4,1010.35,0,0
19,5,1163.23,0,0
9,2,375.35,0,0
19,4,885.8,0,0
181,3,483.25,1,1
60,2,643.9,0,0
11,2,259.05,0,0
190,1,119.93,1,1
5,9,3017.28,0,0
311,1,113.64,1,1
155,1,1837.92,1,0
110,3,434.34,0,0
148,3,2103.06,1,0
66,11,1980.57,0,0
98,3,529.62,0,0
247,3,1038.44,1,1
29,7,2272.4,0,0
18,4,596.26,0,0
12,2,461.19,0,0
104,8,1852.67,0,0
74,2,234.34,0,0
46,1,547.66,0,0
72,3,925.85,0,0
257,1,193.0,1,1
20,4,1309.6,0,0
254,2,316.25,1,1
11,1,279.05,0,0
165,2,636.51,1,0
18,6,2022.81,0,0
282,1,137.1,1,1
50,1,321.92,0,0
39,1,162.8,0,0
27,6,1165.48,0,0
68,1,1064.28,0,0
207,1,463.38,1,1
175,2,340.93,1,0
7,5,2383.24,0,0
26,1,139.56,0,0
51,2,123.8,0,0
312,2,538.8100000000001,1,1
309,1,475.37,1,1
43,5,1957.32,0,0
26,3,808.44,0,0
88,3,356.85,0,0
184,2,251.21,1,1
20,11,2429.83,0,0
3,6,3543.26,0,0
47,4,673.26,0,0
17,8,5859.43,0,0
17,5,1960.65,0,0
24,6,1367.88,0,0
22,2,268.05,0,0
11,5,1314.81,0,0
188,2,275.28,1,1
101,3,455.59,0,0
61,3,990.2,0,0
18,6,2076.89,0,0
33,2,330.45,0,0
64,1,174.37,0,0
2,2,270.6,0,0
24,4,974.54,0,0
108,1,241.09,0,0
32,9,1843.83,0,0
20,9,4215.9,0,0
3,55,8507.13,3,0
37,1,364.22,0,0
60,3,578.61,0,0
26,6,2862.11,0,0
236,4,932.85,1,1
25,7,1949.72,0,0
3,18,4397.3,3,0
60,3,2854.84,0,0
260,1,170.95,1,1
58,1,355.56,0,0
65,2,388.25,0,0
16,2,537.48,0,0
10,3,952.66,0,0
59,8,1453.35,0,0
186,1,103.25,1,1
29,16,3599.73,3,0
24,2,2004.3,0,0
5,5,2573.93,0,0
4,8,3974.75,0,0
151,2,652.8,1,0
311,1,289.24,1,1
11,2,757.37,0,0
18,2,186.23,0,0
152,1,164.22,1,0
19,5,859.27,0,0
10,4,2279.49,0,0
57,2,312.54,0,0
85,1,788.38,0,0
7,22,2237.77,3,0
76,3,1080.76,0,0
4,18,5006.77,3,0
96,4,3099.12,0,0
111,1,1432.0,0,0
57,2,1530.36,0,0
1,1,227.39,0,0
281,2,218.06,1,1
3,7,2804.54,0,0
180,9,1639.82,1,0
372,1,35.400000000000006,1,1
13,4,859.71,0,0
3,1,168.63,0,0
17,1,138.6,0,0
41,1,114.11,0,0
6,5,986.96,0,0
169,4,1033.06,1,0
50,1,157.05,0,0
277,1,237.36,1,1
19,9,1580.29,0,0
372,1,39.75,1,1
15,4,1320.21,0,0
35,3,557.94,0,0
22,3,617.15,0,0
7,2,363.33,0,0
20,6,1740.6,0,0
11,2,866.24,0,0
44,1,221.97,0,0
306,1,393.33,1,1
11,1,213.96,0,0
275,1,660.0,1,1
1,93,12076.15,3,0
16,14,16209.5,3,0
4,4,1785.15,0,0
72,4,601.56,0,0
243,3,406.08,1,1
9,3,553.44,0,0
246,1,394.44,1,1
206,2,412.78,1,1
1,5,1788.36,0,0
185,1,320.58000000000004,1,1
32,5,886.7,0,0
57,2,225.85,0,0
196,2,899.63,1,1
24,4,2791.27,0,0
91,2,671.96,0,0
4,2,955.26,0,0
51,3,1006.98,0,0
263,1,114.56,1,1
266,1,344.90000000000003,1,1
36,2,609.85,0,0
51,1,443.6,0,0
52,6,2984.49,0,0
24,6,2107.38,0,0
22,1,110.46,0,0
59,1,96.12,0,0
170,2,693.8100000000001,1,0
68,2,830.76,0,0
157,2,597.09,1,0
2,73,280206.02,2,0
201,1,236.04,1,1
5,4,1402.59,0,0
67,2,653.75,0,0
77,1,114.18,0,0
1,7,1926.65,0,0
8,4,1932.23,0,0
169,2,291.05,1,0
18,4,848.22,0,0
5,2,247.15,0,0
9,9,2529.93,0,0
87,2,285.74,0,0
27,1,107.95,0,0
29,4,741.37,0,0
20,2,636.24,0,0
61,5,1835.7,0,0
24,1,195.25,0,0
11,25,9175.04,3,0
242,3,1259.24,1,1
280,2,392.86,1,1
235,2,765.5500000000001,1,1
3,5,1736.4,0,0
16,1,596.36,0,0
31,6,2548.24,0,0
25,16,28754.11,3,0
71,3,498.95,0,0
188,2,52.0,1,1
26,5,1201.51,0,0
107,1,628.38,0,0
8,21,5579.1,3,0
209,1,112.8,1,1
44,2,355.05,0,0
31,5,2114.33,0,0
137,4,591.55,0,0
265,1,172.9,1,1
4,7,2078.95,0,0
218,2,188.61,1,1
2,5,1217.27,0,0
214,1,109.13,1,1
32,3,2195.1,0,0
11,9,2526.09,0,0
1,17,3251.79,3,0
15,1,318.17,0,0
11,9,1493.96,0,0
199,1,179.0,1,1
3,3,1126.37,0,0
15,13,4921.04,0,0
14,4,599.48,0,0
10,11,2839.62,0,0
29,3,917.07,0,0
9,11,2662.2,0,0
24,1,160.19,0,0
25,4,867.38,0,0
43,2,307.51,0,0
2,5,1581.84,0,0
6,3,663.81,0,0
147,1,180.42,1,0
10,6,1122.36,0,0
25,1,655.58,0,0
274,1,268.58,1,1
374,1,313.49,1,1
1,8,1897.57,0,0
47,3,380.02,0,0
8,8,2702.49,0,0
16,12,9585.91,3,0
4,32,6065.6900000000005,3,0
4,3,1164.55,0,0
43,7,1314.45,0,0
4,7,3902.28,0,0
197,3,1448.21,1,1
12,6,1400.34,0,0
16,7,1099.98,0,0
113,5,1220.26,0,0
249,1,328.2,1,1
29,5,1415.75,0,0
44,1,389.64,0,0
87,1,563.15,0,0
45,2,638.05,0,0
10,11,5010.28,0,0
15,1,738.96,0,0
75,1,420.5,0,0
145,4,1484.06,0,0
5,3,1625.97,0,0
297,1,89.2,1,1
59,2,255.9,0,0
264,1,300.52,1,1
47,1,278.3,0,0
29,3,254.11,0,0
8,6,2473.37,0,0
17,2,192.6,0,0
3,8,10416.98,0,0
232,2,876.4200000000001,1,1
112,1,139.26,0,0
58,3,1011.9,0,0
51,11,2538.3,0,0
127,2,730.86,0,0
281,3,386.15,1,1
55,2,447.68,0,0
320,1,200.1,1,1
26,2,289.99,0,0
10,2,77.4,0,0
7,2,679.44,0,0
29,1,197.64,0,0
17,4,745.06,0,0
64,1,6.2,0,0
21,1,228.99,0,0
3,7,1319.91,0,0
166,1,131.45000000000002,1,0
1,17,7975.49,3,0
53,3,173.74,0,0
51,1,157.7,0,0
48,12,4331.79,0,0
61,1,189.34,0,0
162,3,845.5500000000001,1,0
9,1,353.27,0,0
15,4,546.4,0,0
75,1,193.39,0,0
40,8,2718.6,0,0
41,11,2085.33,0,0
370,2,152.88,1,1
37,2,778.5,0,0
197,1,271.85,1,1
200,2,1110.34,1,1
74,3,657.8,0,0
64,2,272.07,0,0
21,4,507.29,0,0
367,1,48.8,1,1
180,3,321.43,1,0
10,4,1127.71,0,0
4,12,2221.01,0,0
197,3,2139.76,1,1
29,4,697.55,0,0
53,1,188.88,0,0
18,6,1720.3,0,0
10,3,102.45,0,0
90,4,1649.5,0,0
268,1,62.85,1,1
53,6,3295.76,0,0
44,4,2824.69,0,0
64,4,3189.81,0,0
149,1,309.40000000000003,1,0
22,25,7930.54,3,0
312,1,325.75,1,1
23,2,511.35,0,0
58,6,2836.69,0,0
24,2,475.8,0,0
78,7,2740.03,0,0
119,2,645.65,0,0
36,3,1290.53,0,0
60,2,1173.12,0,0
13,4,1353.74,0,0
19,1,170.32,0,0
52,1,125.79,0,0
26,2,841.2,0,0
29,1,266.76,0,0
7,2,52.2,0,0
11,12,14389.9,3,0
186,3,710.28,1,1
3,8,2953.59,0,0
9,2,721.45,0,0
262,1,327.25,1,1
3,4,501.28,0,0
210,1,519.68,1,1
108,2,1465.32,0,0
13,9,1476.09,0,0
77,3,690.59,0,0
20,1,255.4,0,0
27,2,589.7,0,0
19,6,761.59,0,0
132,1,765.3199999999999,0,0
253,1,364.8,1,1
79,1,1862.0,0,0
207,1,369.2,1,1
336,1,135.9,1,1
254,1,125.65,1,1
148,2,554.38,1,0
10,2,1237.85,0,0
85,1,655.75,0,0
8,20,11138.71,3,0
205,2,468.77,1,1
8,4,1366.38,0,0
23,6,1269.31,0,0
11,9,1421.29,0,0
26,1,332.66,0,0
21,5,2795.33,0,0
2,2,1025.44,0,0
158,2,616.15,1,0
3,7,3501.1,0,0
74,1,277.8,0,0
3,4,434.35,0,0
1,201,143711.17,2,0
17,2,867.85,0,0
36,4,1227.43,0,0
91,2,307.48,0,0
71,4,1268.98,0,0
116,2,1610.15,0,0
213,2,977.77,1,1
30,2,1316.07,0,0
51,1,749.1,0,0
246,1,310.05,1,1
32,1,223.88,0,0
109,3,2362.96,0,0
5,5,1257.68,0,0
366,1,363.53,1,1
82,2,1890.94,0,0
297,1,1784.71,1,1
34,8,8137.02,0,0
57,3,1621.88,0,0
30,12,5900.25,0,0
14,1,100.9,0,0
72,2,290.82,0,0
23,6,1101.97,0,0
19,1,371.2,0,0
79,1,311.69,0,0
60,11,8099.49,0,0
25,1,285.67,0,0
12,1,294.85,0,0
253,1,58.49,1,1
147,3,483.73,1,0
64,4,695.42,0,0
8,2,221.27,0,0
11,9,7044.68,0,0
271,1,126.7,1,1
10,5,1472.34,0,0
247,1,206.21,1,1
96,2,596.09,0,0
15,1,183.02,0,0
50,1,463.8,0,0
30,1,147.59,0,0
68,4,1592.06,0,0
35,3,1097.98,0,0
128,1,114.77,0,0
107,3,1314.45,0,0
37,1,89.94,0,0
57,1,279.94,0,0
57,7,790.86,0,0
72,5,1921.37,0,0
246,1,102.12,1,1
19,2,202.37,0,0
198,2,292.01,1,1
16,2,326.4,0,0
212,1,334.54,1,1
39,2,231.98,0,0
46,3,546.1999999999999,0,0
170,2,414.87,1,0
48,1,490.52,0,0
116,4,1641.76,0,0
147,1,1220.77,1,0
16,28,6295.37,3,0
51,1,480.38,0,0
159,1,156.91,1,0
12,3,1259.43,0,0
36,1,308.94,0,0
54,2,405.04,0,0
43,2,257.67,0,0
173,1,170.04,1,0
34,1,125.58,0,0
39,3,496.21,0,0
267,1,252.81,1,1
9,9,1871.77,0,0
12,4,852.39,0,0
3,11,6720.41,0,0
10,10,1636.43,0,0
33,1,361.96,0,0
80,3,469.0,0,0
31,4,1066.15,0,0
8,4,627.13,0,0
72,2,518.28,0,0
4,4,653.19,0,0
256,3,4959.1,1,1
5,10,2557.18,0,0
16,8,4274.16,0,0
90,1,252.73,0,0
72,3,429.56,0,0
59,6,685.74,0,0
10,47,19766.59,3,0
170,1,179.93,1,0
199,1,135.93,1,1
31,1,537.0,0,0
19,17,7634.73,3,0
152,2,735.66,1,0
9,15,5090.42,3,0
270,1,343.62,1,1
65,4,381.0,0,0
274,1,121.17000000000002,1,1
25,3,1737.69,0,0
23,3,1383.36,0,0
319,1,207.73,1,1
5,3,693.95,0,0
12,2,302.1,0,0
275,2,1489.5,1,1
25,11,2102.54,0,0
41,9,1337.72,0,0
8,4,294.25,0,0
4,48,54534.14,3,0
71,4,987.86,0,0
213,1,370.8,1,1
38,4,3158.13,0,0
53,1,893.59,0,0
78,3,1744.76,0,0
46,2,553.36,0,0
179,1,1109.53,1,0
373,1,106.2,1,1
94,2,982.07,0,0
10,3,1043.41,0,0
105,1,735.67,0,0
78,1,773.03,0,0
173,1,880.85,1,0
7,32,9743.11,3,0
213,4,895.61,1,1
22,5,504.8,0,0
257,1,88.2,1,1
282,1,306.94,1,1
21,2,1160.07,0,0
10,6,2420.84,0,0
308,1,381.32,1,1
68,1,480.71,0,0
215,2,457.81,1,1
18,6,4597.02,0,0
104,4,1370.6,0,0
43,1,219.39,0,0
4,1,248.08,0,0
182,3,39916.5,3,1
84,1,410.48,0,0
334,3,876.0,1,1
9,2,317.53000000000003,0,0
31,2,703.36,0,0
197,2,993.54,1,1
18,7,2298.93,0,0
18,5,1422.52,0,0
311,6,319.5,1,1
142,4,1300.25,0,0
246,1,484.95,1,1
24,4,996.1,0,0
29,3,1567.48,0,0
10,3,3509.43,0,0
30,10,2760.56,0,0
18,1,340.11,0,0
18,4,1352.75,0,0
15,5,1551.78,0,0
134,1,244.8,0,0
246,1,266.4,1,1
134,1,358.82,0,0
50,2,457.72,0,0
114,3,1633.78,0,0
7,2,2199.31,0,0
23,2,184.19,0,0
25,15,11528.48,3,0
66,1,406.53,0,0
60,4,1471.0,0,0
50,11,3447.4,0,0
170,1,330.11,1,0
18,5,977.93,0,0
128,3,982.42,0,0
15,8,1387.99,0,0
239,1,139.05,1,1
3,4,1286.7,0,0
240,2,178.96,1,1
52,7,2354.25,0,0
46,1,498.74,0,0
226,1,259.45,1,1
8,17,6580.4400000000005,3,0
4,4,1194.73,0,0
165,2,1327.16,1,0
240,1,623.5,1,1
11,1,301.29,0,0
134,1,520.8000000000001,0,0
17,10,5291.33,0,0
10,13,4745.69,0,0
31,1,329.25,0,0
75,1,254.28,0,0
1,3,961.49,0,0
4,3,1936.07,0,0
45,1,401.4,0,0
2,30,18641.01,3,0
357,1,158.16,1,1
18,2,304.47,0,0
69,3,824.58,0,0
373,1,487.75,1,1
321,1,158.8,1,1
26,1,106.56,0,0
331,1,1289.5,1,1
9,5,1624.05,0,0
323,1,135.75,1,1
72,1,224.14,0,0
260,1,40.5,1,1
18,5,2206.9500000000003,0,0
367,1,87.5,1,1
66,3,689.48,0,0
154,2,622.85,1,0
29,2,402.2,0,0
70,1,310.62,0,0
14,2,411.41,0,0
2,16,4777.18,3,0
1,41,16225.39,3,0
120,3,1044.32,0,0
61,1,499.32,0,0
3,15,7616.53,3,0
3,1,3861.0,0,0
11,3,1079.61,0,0
92,2,193.64,0,0
59,4,1268.7,0,0
87,5,1236.54,0,0
26,6,1827.8,0,0
357,1,316.58,1,1
85,2,653.24,0,0
10,4,420.3,0,0
1,5,870.12,0,0
225,1,331.18,1,1
60,2,894.4100000000001,0,0
241,1,101.8,1,1
319,2,328.35,1,1
2,8,1661.44,0,0
47,3,734.94,0,0
88,1,96.6,0,0
11,11,5756.89,0,0
176,1,305.75,1,0
52,6,1778.96,0,0
366,1,403.25,1,1
319,1,585.0,1,1
226,2,755.75,1,1
358,2,322.08,1,1
234,1,409.4,1,1
311,1,154.41,1,1
37,5,1219.4,0,0
66,4,3386.71,0,0
239,2,429.6,1,1
113,2,612.06,0,0
277,1,197.0,1,1
218,12,2247.51,1,1
299,1,321.05,1,1
2,4,1412.32,0,0
29,3,1071.99,0,0
10,2,780.59,0,0
45,5,1706.57,0,0
67,8,1756.44,0,0
74,1,316.68,0,0
65,2,631.57,0,0
134,3,2515.84,0,0
238,2,514.15,1,1
122,1,356.0,0,0
32,13,6688.46,0,0
9,11,10484.99,0,0
36,2,740.78,0,0
16,5,918.2,0,0
127,1,300.36,0,0
67,1,890.85,0,0
149,1,98.45,1,0
283,1,317.15,1,1
169,2,623.16,1,0
100,7,1810.77,0,0
135,1,254.82,0,0
324,1,178.95000000000002,1,1
107,1,156.51,0,0
64,1,393.74,0,0
151,2,1506.12,1,0
338,1,119.3,1,1
22,5,1717.36,0,0
24,1,408.8,0,0
16,7,2379.49,0,0
7,15,2493.34,3,0
57,2,721.94,0,0
4,2,716.57,0,0
38,1,615.14,0,0
66,1,128.63,0,0
47,1,255.9,0,0
355,1,290.51,1,1
172,1,113.12,1,0
59,9,2332.15,0,0
50,1,240.55,0,0
22,2,486.69,0,0
43,5,2306.52,0,0
29,3,939.78,0,0
5,18,7943.22,3,0
26,15,4668.3,3,0
201,1,178.39,1,1
51,6,3672.86,0,0
10,3,641.94,0,0
2,12,4799.9,0,0
67,7,4507.01,0,0
64,1,496.44,0,0
51,12,5049.95,0,0
290,1,574.02,1,1
61,8,694.4,0,0
64,3,1174.35,0,0
96,1,205.3,0,0
274,1,310.47,1,1
1,91,60632.75,2,0
75,4,924.85,0,0
110,1,52.0,0,0
199,1,327.97,1,1
64,2,570.5,0,0
327,1,165.0,1,1
4,1,312.62,0,0
284,1,204.5,1,1
44,1,267.13,0,0
71,3,2748.31,0,0
86,1,679.68,0,0
104,1,161.74,0,0
334,1,311.71,1,1
53,1,208.75,0,0
39,3,1049.7,0,0
32,2,714.9599999999999,0,0
366,4,1661.06,1,1
208,1,1028.56,1,1
157,3,350.82,1,0
54,1,170.22,0,0
66,2,574.07,0,0
81,1,2020.52,0,0
130,1,406.09,0,0
87,1,364.5,0,0
1,3,563.94,0,0
46,1,393.54,0,0
333,1,252.42,1,1
366,1,201.6,1,1
72,1,158.04,0,0
158,2,463.91,1,0
373,1,115.65,1,1
12,7,1934.66,0,0
255,2,770.12,1,1
29,2,277.05,0,0
31,10,2718.03,0,0
5,22,8347.2,3,0
40,1,427.93,0,0
362,1,418.92,1,1
373,1,326.0,1,1
96,2,913.19,0,0
26,7,2314.32,0,0
75,2,602.51,0,0
57,4,1877.59,0,0
21,1,446.94000000000005,0,0
41,7,2386.05,0,0
137,1,2007.4,0,0
8,12,2415.91,0,0
129,1,168.0,0,0
40,3,1221.56,0,0
169,7,3703.29,1,0
9,5,1690.26,0,0
214,2,596.85,1,1
15,6,5955.71,0,0
170,2,642.41,1,0
40,1,316.88,0,0
186,1,394.14,1,1
270,1,140.54,1,1
172,1,500.0,1,0
5,4,1535.53,0,0
16,2,231.86,0,0
10,4,2183.54,0,0
326,1,107.45,1,1
113,1,288.18,0,0
290,1,94.0,1,1
16,2,1345.53,0,0
1,3,815.77,0,0
92,5,716.2,0,0
149,2,626.77,1,0
189,1,349.1,1,1
31,2,510.71,0,0
34,4,1046.74,0,0
264,1,267.18,1,1
84,8,3450.84,0,0
26,4,1348.93,0,0
171,1,190.53,1,0
10,3,774.9000000000001,0,0
313,1,559.61,1,1
65,4,3984.32,0,0
85,1,508.8,0,0
25,1,135.86,0,0
59,4,950.36,0,0
323,2,97.7,1,1
38,1,43.5,0,0
254,2,383.34,1,1
19,5,1404.07,0,0
33,3,1430.54,0,0
15,1,93.78,0,0
27,2,397.35,0,0
23,1,171.19000000000003,0,0
214,2,533.3,1,1
8,5,1041.48,0,0
22,1,149.29,0,0
12,3,1067.75,0,0
262,1,200.16,1,1
131,1,156.57999999999998,0,0
55,3,383.68,0,0
249,1,594.0,1,1
2,7,3213.59,0,0
9,2,1411.21,0,0
264,1,113.5,1,1
331,1,155.17000000000002,1,1
313,1,494.64,1,1
26,3,974.52,0,0
30,1,429.84,0,0
30,3,528.48,0,0
2,7,1371.77,0,0
362,1,179.1,1,1
283,3,434.59,1,1
262,1,237.07,1,1
25,1,161.64,0,0
354,1,214.26,1,1
94,3,234.6,0,0
29,1,126.14,0,0
338,1,1044.65,1,1
20,18,7354.62,3,0
85,1,334.53,0,0
9,3,524.88,0,0
51,2,467.51,0,0
50,2,538.55,0,0
2,1,454.48,0,0
113,1,371.56,0,0
14,7,1771.2,0,0
77,1,454.11,0,0
40,2,1399.92,0,0
116,1,905.5,0,0
16,12,10879.76,3,0
161,4,225.26,1,0
1,4,3590.41,0,0
30,3,2564.5,0,0
93,1,91.32,0,0
23,3,1134.28,0,0
95,6,3100.09,0,0
28,2,659.46,0,0
33,5,1953.41,0,0
21,2,1280.58,0,0
18,2,1262.2,0,0
3,27,13316.4,3,0
8,4,1131.56,0,0
16,12,10384.93,3,0
363,1,141.04,1,1
81,1,52.83,0,0
53,5,3610.96,0,0
23,3,972.08,0,0
172,1,475.86,1,0
189,6,1000.27,1,1
331,1,250.0,1,1
12,5,900.53,0,0
156,2,121.0,1,0
33,19,14758.22,3,0
12,11,4023.72,0,0
45,3,62.43,0,0
233,1,267.03,1,1
64,8,1921.55,0,0
2,1,343.5,0,0
40,8,3000.2,0,0
33,2,397.99,0,0
84,1,412.0100000000001,0,0
25,1,440.0,0,0
2,3,734.37,0,0
33,2,148.44,0,0
19,8,2428.53,0,0
254,1,229.33,1,1
23,11,3962.6,0,0
22,4,1497.31,0,0
8,2,1972.39,0,0
25,4,1564.73,0,0
19,3,807.57,0,0
173,4,502.9,1,0
163,1,110.92,1,0
7,1,538.46,0,0
11,1,213.3,0,0
114,1,85.13000000000001,0,0
288,1,127.86,1,1
9,9,3546.71,0,0
54,2,288.97,0,0
7,14,4910.6,3,0
77,3,1681.46,0,0
4,4,575.63,0,0
37,1,436.06,0,0
217,1,90.12,1,1
60,1,428.93,0,0
278,1,217.2,1,1
12,16,4794.86,3,0
24,1,279.77,0,0
29,1,468.91,0,0
12,4,800.5899999999999,0,0
352,1,134.55,1,1
22,4,1400.44,0,0
50,2,173.16000000000005,0,0
19,1,186.01,0,0
3,3,758.29,0,0
104,5,1375.71,0,0
7,12,4148.82,0,0
12,4,650.4300000000001,0,0
5,7,2533.42,0,0
32,2,591.1899999999999,0,0
178,4,675.64,1,0
38,1,921.37,0,0
151,3,258.88,1,0
162,1,127.1,1,0
69,2,327.6,0,0
121,13,3675.77,0,0
25,3,682.9100000000001,0,0
24,4,720.86,0,0
177,1,455.3,1,0
50,4,913.68,0,0
256,3,478.53,1,1
47,1,388.58,0,0
71,1,199.8,0,0
16,5,1771.78,0,0
101,5,1406.59,0,0
35,1,324.57,0,0
53,1,240.68,0,0
27,2,761.74,0,0
11,14,6776.56,3,0
8,9,1297.87,0,0
79,1,48.48,0,0
52,1,216.39,0,0
36,5,1198.23,0,0
61,9,2920.16,0,0
337,1,104.76,1,1
28,4,1093.68,0,0
184,1,298.48,1,1
52,1,112.46,0,0
10,13,1591.45,0,0
36,2,195.15,0,0
10,23,10399.74,3,0
33,4,776.851,0,0
11,1,336.4,0,0
57,3,1553.18,0,0
4,4,1293.03,0,0
43,9,3709.56,0,0
141,1,301.03000000000003,0,0
117,4,588.13,0,0
104,4,1534.26,0,0
75,2,675.8,0,0
5,9,2870.24,0,0
45,2,1186.35,0,0
16,8,3285.31,0,0
17,1,243.55,0,0
90,2,724.76,0,0
53,1,223.36,0,0
134,1,425.32,0,0
4,15,12416.11,3,0
105,4,1887.2,0,0
192,3,664.0,1,1
166,4,803.54,1,0
19,1,612.01,0,0
158,3,447.64,1,0
204,2,639.5,1,1
336,2,816.0,1,1
37,3,646.3,0,0
91,1,337.74,0,0
93,2,877.44,0,0
9,2,922.53,0,0
243,1,560.6700000000001,1,1
45,4,748.5,0,0
23,1,30.0,0,0
190,5,1024.1,1,1
44,1,306.45,0,0
25,9,1600.86,0,0
317,2,309.8,1,1
106,1,138.14,0,0
51,1,386.43,0,0
168,2,2222.21,1,0
40,1,301.32000000000005,0,0
218,1,76.32000000000001,1,1
40,4,684.34,0,0
297,1,173.05,1,1
19,7,2657.13,0,0
88,4,2726.23,0,0
73,5,2446.6,0,0
81,3,323.69,0,0
19,3,3435.76,0,0
49,1,657.23,0,0
53,1,352.7,0,0
24,4,781.28,0,0
9,3,1333.68,0,0
25,5,1426.16,0,0
117,1,193.75,0,0
9,9,2993.1,0,0
120,2,254.1,0,0
4,2,239.76,0,0
252,1,136.8,1,1
28,1,191.04,0,0
1,14,6479.4,3,0
267,2,409.98,1,1
33,8,2711.11,0,0
18,1,309.65,0,0
172,2,696.68,1,0
2,4,1529.0,0,0
265,1,211.5,1,1
140,4,2293.62,0,0
201,1,143.1,1,1
64,4,1060.56,0,0
35,4,916.98,0,0
41,7,3235.25,0,0
284,1,133.25,1,1
9,5,1072.36,0,0
143,2,356.7,0,0
12,2,330.03000000000003,0,0
146,4,1101.11,0,0
234,1,150.3,1,1
33,13,5030.07,0,0
24,1,598.73,0,0
12,1,471.4,0,0
36,5,2211.21,0,0
365,1,190.7,1,1
201,2,218.25,1,1
15,1,415.25,0,0
17,7,5159.06,0,0
213,1,85.0,1,1
66,3,1120.88,0,0
212,2,294.12,1,1
283,1,162.3,1,1
115,2,1339.45,0,0
15,8,1188.12,0,0
19,16,4812.42,3,0
66,1,449.12,0,0
49,1,154.88,0,0
16,4,775.96,0,0
78,1,34.8,0,0
19,4,1094.59,0,0
134,1,196.88,0,0
13,3,946.64,0,0
40,1,144.36,0,0
235,3,44534.3,3,1
3,8,2463.05,0,0
40,7,2626.6,0,0
305,1,79.2,1,1
51,3,458.57,0,0
10,6,2364.25,0,0
61,4,528.01,0,0
66,2,714.42,0,0
25,1,205.25,0,0
218,3,253.04,1,1
65,2,583.75,0,0
32,2,1086.92,0,0
88,6,3279.9700000000003,0,0
64,1,315.06,0,0
116,3,621.83,0,0
7,26,56252.72,3,0
6,1,635.6800000000001,0,0
69,1,270.8,0,0
245,1,104.9,1,1
133,1,241.62,0,0
241,4,1047.11,1,1
184,3,475.28,1,1
25,3,345.46000000000004,0,0
10,3,2614.74,0,0
11,1,246.3,0,0
33,5,2328.9700000000003,0,0
46,3,4919.0,0,0
26,3,933.26,0,0
358,1,351.3,1,1
10,1,218.75,0,0
44,2,1612.69,0,0
15,3,965.61,0,0
150,1,610.01,1,0
1,8,2708.61,0,0
113,4,2207.4,0,0
76,3,884.14,0,0
107,2,696.89,0,0
46,3,1063.95,0,0
143,1,451.42,1,0
51,1,415.8200000000001,0,0
1,13,4206.39,0,0
23,17,5488.18,3,0
46,3,784.58,0,0
50,3,903.9,0,0
306,4,3651.27,1,1
36,5,515.77,0,0
79,4,1391.98,0,0
22,6,2218.62,0,0
107,5,1801.14,0,0
208,2,1303.91,1,1
17,4,1945.33,0,0
64,5,2100.6,0,0
49,4,1905.45,0,0
320,1,206.98,1,1
44,2,570.96,0,0
3,2,885.47,0,0
372,1,15.0,1,1
172,1,532.94,1,0
56,3,1654.31,0,0
73,14,1836.09,0,0
99,2,636.14,0,0
38,1,576.0,0,0
58,3,794.64,0,0
254,1,836.79,1,1
70,4,2225.15,0,0
44,4,954.09,0,0
50,1,137.37,0,0
65,1,391.98,0,0
11,19,33643.08,3,0
33,3,1048.49,0,0
59,2,355.56,0,0
73,4,1224.06,0,0
304,1,118.95,1,1
46,1,130.73999999999998,0,0
18,8,3711.77,0,0
38,2,389.27,0,0
19,2,234.88,0,0
187,2,160.71,1,1
52,1,110.8,0,0
4,12,2969.12,0,0
137,5,712.24,0,0
4,27,16143.64,3,0
19,1,297.0,0,0
16,5,1427.57,0,0
41,8,965.16,0,0
12,8,3146.92,0,0
8,4,832.88,0,0
26,2,68.84,0,0
22,6,1936.32,0,0
41,3,895.13,0,0
101,1,211.89,0,0
5,15,3810.14,3,0
277,2,149.64,1,1
33,1,351.44,0,0
15,2,316.25,0,0
64,7,4405.88,0,0
2,2,490.33,0,0
369,1,329.03,1,1
312,5,501.39,1,1
199,4,516.36,1,1
2,2,396.48,0,0
93,3,379.35,0,0
60,1,181.09,0,0
81,1,168.31,0,0
157,2,420.07,1,0
227,1,511.68,1,1
253,2,258.25,1,1
150,1,179.17,1,0
194,2,208.59,1,1
1,5,1383.83,0,0
369,1,56.25,1,1
24,1,337.28000000000003,0,0
17,3,351.73,0,0
10,7,5126.76,0,0
8,1,164.68,0,0
20,7,1567.69,0,0
4,3,882.72,0,0
174,1,191.94,1,0
1,8,1228.88,0,0
178,2,264.62,1,0
16,8,1502.86,0,0
248,1,123.1,1,1
191,2,334.23,1,1
20,2,525.69,0,0
154,4,167.5,1,0
173,1,323.03000000000003,1,0
373,1,369.5,1,1
373,1,127.08,1,1
194,1,207.15,1,1
67,1,426.63,0,0
4,8,2495.87,0,0
21,3,1107.46,0,0
239,2,416.86,1,1
64,1,145.35000000000002,0,0
112,5,404.58,0,0
90,15,6115.01,3,0
311,1,35.8,1,1
134,1,337.44,0,0
277,1,325.1,1,1
365,1,181.0,1,1
83,1,1708.24,0,0
8,2,955.24,0,0
17,2,364.72,0,0
32,4,1744.71,0,0
9,2,708.22,0,0
34,4,781.91,0,0
15,8,1657.28,0,0
24,14,4416.26,0,0
32,1,428.89,0,0
74,1,104.35,0,0
20,2,470.76,0,0
17,4,808.87,0,0
23,2,397.68,0,0
3,3,666.1,0,0
304,1,314.1,1,1
18,12,4199.85,0,0
367,1,307.82000000000005,1,1
39,7,3442.15,0,0
84,1,371.01,0,0
165,2,427.64,1,0
17,2,1054.73,0,0
77,1,1098.78,0,0
89,3,2398.86,0,0
25,8,3408.48,0,0
22,4,1465.12,0,0
3,10,2780.63,0,0
123,2,1142.42,0,0
30,1,168.12,0,0
12,7,1432.77,0,0
19,1,156.78,0,0
44,2,792.11,0,0
4,1,41.99,0,0
9,7,2777.67,0,0
55,1,414.27,0,0
88,6,1032.58,0,0
37,5,3080.22,0,0
3,3,12393.7,0,0
30,5,2735.37,0,0
12,4,578.71,0,0
211,1,101.4,1,1
48,4,1693.81,0,0
24,3,478.78,0,0
22,4,972.11,0,0
246,3,392.4,1,1
8,16,3352.96,3,0
35,3,1415.29,0,0
4,47,37130.6,3,0
38,3,646.83,0,0
4,3,704.55,0,0
3,8,1465.51,0,0
47,1,211.88,0,0
39,2,408.9,0,0
47,9,3786.24,0,0
17,3,851.01,0,0
260,1,602.63,1,1
46,3,719.81,0,0
12,1,251.03,0,0
30,1,439.66,0,0
43,1,236.09,0,0
92,6,934.62,0,0
39,63,80850.84,2,0
310,1,331.24,1,1
92,2,547.9,0,0
6,20,8778.82,3,0
196,3,437.7000000000001,1,1
87,2,758.9200000000001,0,0
270,3,855.02,1,1
8,3,471.78,0,0
65,3,1313.55,0,0
31,3,3166.4,0,0
22,5,1177.47,0,0
38,4,773.99,0,0
120,4,1340.7,0,0
373,2,256.44,1,1
40,3,1074.81,0,0
174,1,137.9,1,0
54,1,362.06,0,0
33,2,1511.95,0,0
145,1,783.9,1,0
221,1,134.8,1,1
45,1,650.75,0,0
16,7,2263.12,0,0
66,6,1453.16,0,0
10,4,1153.62,0,0
260,1,335.32,1,1
365,1,367.14,1,1
17,5,1521.04,0,0
22,2,852.15,0,0
45,1,326.24,0,0
288,1,584.3199999999999,1,1
297,1,122.4,1,1
3,10,2234.73,0,0
284,1,79.2,1,1
17,3,1352.0,0,0
82,2,217.16,0,0
56,5,2799.42,0,0
101,2,1317.62,0,0
299,1,436.18,1,1
23,5,981.51,0,0
59,5,1121.39,0,0
155,2,315.06,1,0
115,3,817.86,0,0
107,1,17.0,0,0
12,4,1078.23,0,0
264,1,320.62,1,1
240,1,185.05,1,1
88,7,2005.63,0,0
50,3,731.9,0,0
71,1,1290.7,0,0
42,3,1842.14,0,0
7,6,1429.64,0,0
62,1,298.21,0,0
249,1,336.96,1,1
66,1,108.38,0,0
18,7,3204.1600000000003,0,0
85,1,842.5,0,0
219,2,611.88,1,1
45,3,1320.95,0,0
143,4,195.74,0,0
183,1,161.38,1,1
171,1,135.75000000000003,1,0
10,8,1660.88,0,0
212,1,612.78,1,1
190,1,232.21,1,1
8,2,423.36,0,0
59,4,1309.14,0,0
57,2,854.66,0,0
73,4,684.42,0,0
52,1,307.78000000000003,0,0
317,1,249.0,1,1
367,1,289.35,1,1
29,4,6287.77,0,0
39,1,656.25,0,0
18,5,1880.22,0,0
52,6,3506.54,0,0
4,33,14589.04,3,0
22,2,618.09,0,0
263,1,517.55,1,1
60,3,709.38,0,0
19,3,635.4100000000001,0,0
66,2,725.1800000000001,0,0
88,1,620.4,0,0
250,1,535.34,1,1
3,6,2424.94,0,0
247,1,175.2,1,1
9,11,3799.49,0,0
157,3,734.13,1,0
134,1,375.0,0,0
296,1,76.32000000000001,1,1
5,2,280.52,0,0
43,5,2053.02,0,0
269,1,1829.04,1,1
50,5,1824.23,0,0
9,9,3092.04,0,0
16,3,656.69,0,0
282,1,348.2,1,1
65,2,1025.44,0,0
2,19,5533.67,3,0
252,1,37.4,1,1
232,2,856.6,1,1
17,3,822.48,0,0
11,27,3787.6,3,0
8,4,1822.97,0,0
51,6,1885.05,0,0
59,1,73.19999999999999,0,0
95,5,1140.21,0,0
16,6,1418.32,0,0
126,3,1009.55,0,0
94,4,1037.59,0,0
50,1,331.95,0,0
138,1,197.9,0,0
61,1,215.83,0,0
100,8,10254.18,0,0
73,1,305.54,0,0
72,4,6617.65,0,0
67,1,338.71000000000004,0,0
64,6,1158.79,0,0
17,2,529.41,0,0
23,12,4006.94,0,0
32,15,6911.4400000000005,3,0
45,4,981.86,0,0
16,2,215.48,0,0
40,1,215.08,0,0
3,13,5180.52,0,0
237,1,314.45,1,1
75,1,400.681,0,0
4,2,1068.87,0,0
3,4,1863.47,0,0
361,1,365.27,1,1
59,4,592.9,0,0
23,1,384.18,0,0
31,4,757.63,0,0
55,4,537.0600000000001,0,0
25,1,394.38,0,0
45,2,664.26,0,0
89,5,2262.62,0,0
2,18,21086.3,3,0
89,1,547.02,0,0
19,2,690.34,0,0
79,1,159.0,0,0
171,3,1062.75,1,0
81,1,242.35,0,0
267,1,914.93,1,1
235,2,304.25,1,1
30,7,3084.68,0,0
37,3,860.86,0,0
318,1,773.55,1,1
57,4,1295.3,0,0
45,5,1096.32,0,0
203,3,255.12,1,1
225,1,314.22,1,1
87,2,1010.6,0,0
190,2,542.03,1,1
44,4,990.88,0,0
71,3,536.6800000000001,0,0
41,5,867.3100000000001,0,0
78,1,432.2,0,0
57,2,414.2,0,0
24,2,3718.8,0,0
10,13,2590.31,0,0
8,7,3579.86,0,0
34,2,409.1,0,0
212,2,1522.75,1,1
24,3,1413.66,0,0
170,1,114.56,1,0
62,1,152.94,0,0
53,5,1800.07,0,0
261,2,389.44,1,1
67,2,3683.86,0,0
17,8,2619.91,0,0
267,1,752.4300000000001,1,1
177,1,46.95,1,0
45,5,5203.51,0,0
51,1,1035.45,0,0
17,4,728.54,0,0
9,9,5447.0,0,0
74,7,861.89,0,0
71,2,667.65,0,0
353,1,1141.24,1,1
3,5,1404.64,0,0
117,1,411.7,0,0
373,1,351.75,1,1
197,1,559.87,1,1
177,1,810.6,1,0
100,1,566.38,0,0
21,3,1502.78,0,0
72,1,2062.06,0,0
340,1,168.3,1,1
6,5,1570.81,0,0
31,2,812.68,0,0
170,1,142.5,1,0
122,1,302.25,0,0
22,10,2248.99,0,0
10,4,1328.55,0,0
269,1,301.9,1,1
23,3,598.2,0,0
127,1,233.22,0,0
26,3,5360.63,0,0
139,1,361.22,0,0
214,6,632.27,1,1
38,4,2560.0,0,0
106,2,706.57,0,0
18,2,616.26,0,0
3,2,274.15000000000003,0,0
331,1,226.37,1,1
64,8,2938.91,0,0
120,3,1341.65,0,0
35,1,328.15000000000003,0,0
218,1,404.4,1,1
172,2,1038.46,1,0
72,5,373.65,0,0
1,2,326.75,0,0
196,1,207.50000000000003,1,1
128,3,408.59,0,0
47,3,594.24,0,0
6,14,3039.2200000000003,0,0
14,6,3820.27,0,0
18,3,251.91,0,0
28,7,1582.8,0,0
8,22,26626.8,3,0
37,1,151.05,0,0
157,1,214.8,1,0
284,1,94.05,1,1
107,1,534.31,0,0
25,4,1971.87,0,0
75,4,322.41,0,0
16,2,328.58,0,0
158,1,101.1,1,0
44,1,565.46,0,0
11,2,847.45,0,0
32,7,1415.65,0,0
291,1,53.5,1,1
21,4,1116.47,0,0
333,1,153.9,1,1
18,2,494.44,0,0
4,23,6675.71,3,0
63,2,395.8,0,0
198,3,211.77,1,1
33,3,658.88,0,0
1,4,2027.5,0,0
7,9,1750.92,0,0
5,6,3450.41,0,0
10,4,891.21,0,0
32,5,709.99,0,0
53,1,109.36,0,0
12,2,705.79,0,0
18,9,1540.42,0,0
19,1,327.3,0,0
37,2,800.67,0,0
2,2,479.91,0,0
18,3,1545.41,0,0
82,4,1301.91,0,0
33,2,355.73,0,0
66,2,466.73,0,0
9,2,974.96,0,0
267,1,676.2,1,1
247,3,362.95,1,1
4,4,2157.4,0,0
61,1,1743.15,0,0
75,2,643.76,0,0
90,2,584.5,0,0
60,3,554.86,0,0
29,2,302.57,0,0
323,1,94.36,1,1
53,4,1382.0700000000002,0,0
270,1,217.89,1,1
2,13,3040.96,0,0
57,5,1555.34,0,0
61,5,1482.06,0,0
154,2,1705.8,1,0
19,2,408.02,0,0
95,1,303.93,0,0
1,12,4098.32,0,0
265,2,293.45,1,1
312,1,177.5,1,1
70,1,443.05,0,0
302,2,167.25,1,1
19,1,154.35,0,0
13,10,2079.68,0,0
36,5,2022.98,0,0
19,2,211.7,0,0
54,1,135.99,0,0
57,1,262.2,0,0
22,2,126.25,0,0
44,1,200.27,0,0
27,3,1051.4,0,0
45,3,631.12,0,0
113,6,958.71,0,0
17,51,34684.4,3,0
25,1,346.12,0,0
191,1,133.56,1,1
302,1,302.7,1,1
2,10,1863.76,0,0
263,2,241.06,1,1
106,1,284.55,0,0
57,1,300.85,0,0
213,3,623.28,1,1
64,1,287.40000000000003,0,0
28,1,184.26,0,0
29,7,1511.8,0,0
6,5,798.35,0,0
8,5,3640.67,0,0
67,2,381.2,0,0
2,3,609.3,0,0
46,4,654.67,0,0
34,1,230.51,0,0
1,2,168472.5,2,0
136,1,255.91,0,0
198,1,182.99,1,1
198,2,707.69,1,1
150,1,311.92,1,0
88,1,266.97,0,0
45,2,6.9,0,0
64,7,1841.18,0,0
99,5,2158.18,0,0
218,1,208.36,1,1
3,18,3482.74,3,0
28,3,811.23,0,0
178,1,142.92,1,0
74,3,136.0,0,0
21,4,1422.4,0,0
20,3,1298.66,0,0
34,7,1595.96,0,0
74,1,74.9,0,0
24,4,625.42,0,0
52,4,752.77,0,0
275,1,223.95,1,1
165,3,316.11,1,0
7,7,1810.65,0,0
88,4,544.3,0,0
64,7,2494.46,0,0
25,3,331.0,0,0
10,2,300.83,0,0
76,1,769.29,0,0
16,1,220.62,0,0
192,1,139.35,1,1
174,2,404.3,1,0
77,1,363.65,0,0
33,3,498.8,0,0
47,1,731.5,0,0
80,4,1351.63,0,0
297,1,826.53,1,1
3,3,648.26,0,0
9,3,1599.52,0,0
50,6,2965.69,0,0
161,2,100.97,1,0
360,2,365.45,1,1
5,6,400.86,0,0
107,4,1431.93,0,0
25,1,465.88,0,0
32,1,777.6,0,0
20,2,90.3,0,0
297,1,363.7000000000001,1,1
372,1,248.1,1,1
22,3,918.33,0,0
5,4,874.59,0,0
52,5,1624.14,0,0
30,1,101.7,0,0
277,1,162.70000000000002,1,1
61,2,484.32,0,0
25,2,215.08,0,0
186,3,1046.57,1,1
2,21,9418.47,3,0
2,26,13027.45,3,0
172,1,290.36,1,0
81,1,228.06,0,0
4,1,244.41,0,0
190,1,455.25,1,1
22,7,1244.59,0,0
18,3,6748.8,0,0
19,3,1082.81,0,0
5,1,593.75,0,0
110,1,548.12,0,0
3,4,1388.81,0,0
54,1,119.62,0,0
165,1,339.3,1,0
291,2,787.15,1,1
10,10,4034.9,0,0
109,5,2298.97,0,0
96,3,922.12,0,0
243,2,379.73,1,1
163,12,5719.82,0,0
42,3,837.1,0,0
35,2,285.89,0,0
67,7,3313.79,0,0
24,2,281.85,0,0
1,20,8338.49,3,0
27,2,841.41,0,0
6,2,511.12,0,0
54,1,1077.74,0,0
364,1,173.7,1,1
15,5,614.66,0,0
194,2,865.6,1,1
3,1,124.2,0,0
15,10,3738.4,0,0
27,3,1421.69,0,0
127,3,1009.6,0,0
85,2,663.61,0,0
71,1,451.44,0,0
183,1,105.84,1,1
113,1,313.62,0,0
374,1,233.45,1,1
80,2,936.08,0,0
249,1,463.95,1,1
232,1,225.15,1,1
71,3,459.24,0,0
69,1,213.5,0,0
4,16,4113.68,3,0
51,3,330.03,0,0
75,1,181.09,0,0
61,1,360.16,0,0
16,2,250.15,0,0
4,1,90.04,0,0
286,1,145.05,1,1
4,6,813.52,0,0
41,1,242.7,0,0
36,1,528.08,0,0
75,2,482.47,0,0
18,14,3347.71,0,0
15,7,5493.46,0,0
219,1,75.66,1,1
186,1,129.49,1,1
33,4,1187.66,0,0
70,1,618.59,0,0
183,1,506.19,1,1
15,2,500.42,0,0
236,1,151.85,1,1
31,5,2647.59,0,0
264,1,226.21,1,1
4,2,178.96,0,0
52,4,813.48,0,0
246,1,129.45000000000002,1,1
81,2,810.57,0,0
275,1,333.08,1,1
1,17,4413.1,3,0
79,1,322.8,0,0
30,5,2188.05,0,0
74,2,408.63,0,0
17,6,2883.1,0,0
223,2,217.9,1,1
32,4,1154.47,0,0
23,10,1680.72,0,0
31,3,1257.51,0,0
106,1,231.1,0,0
5,2,688.33,0,0
246,1,487.51,1,1
178,2,833.78,1,0
170,2,214.06,1,0
43,1,290.66,0,0
72,1,518.42,0,0
59,7,6773.97,0,0
16,2,1212.66,0,0
141,4,601.27,0,0
18,6,3789.52,0,0
22,15,8625.8,3,0
10,4,874.43,0,0
368,1,123.24,1,1
189,1,39.12,1,1
16,4,1267.65,0,0
362,1,135.4,1,1
19,1,118.98,0,0
68,2,567.1800000000001,0,0
15,6,306.72,0,0
24,3,1348.88,0,0
17,11,4095.9,0,0
28,3,1692.27,0,0
2,20,8134.94,3,0
55,2,304.24,0,0
34,4,1592.12,0,0
3,12,3109.99,0,0
366,1,129.75,1,1
43,1,183.7,0,0
73,6,1770.34,0,0
5,5,1028.0,0,0
4,28,66653.56,3,0
61,2,324.24,0,0
47,7,2959.88,0,0
1,4,1260.86,0,0
76,2,422.6,0,0
72,2,225.58,0,0
256,2,1276.0,1,1
69,2,477.86,0,0
135,4,657.9,0,0
241,1,112.75,1,1
227,2,1998.0,1,1
9,13,5076.55,0,0
9,13,5398.3,0,0
1,20,14034.99,3,0
37,3,531.35,0,0
46,1,656.63,0,0
85,5,3029.87,0,0
19,10,2467.99,0,0
3,5,1651.03,0,0
9,11,3611.31,0,0
19,15,6910.78,3,0
219,3,1129.06,1,1
78,1,301.72,0,0
267,2,901.2,1,1
24,6,3843.08,0,0
369,1,606.0500000000001,1,1
15,7,1770.22,0,0
26,1,152.95,0,0
262,1,292.47,1,1
17,13,4730.81,0,0
91,2,576.4,0,0
302,7,758.27,1,1
26,5,1358.74,0,0
364,1,256.32,1,1
46,4,1048.28,0,0
38,21,7205.33,3,0
52,3,743.11,0,0
32,1,603.75,0,0
52,3,646.76,0,0
79,5,2247.41,0,0
53,1,417.6,0,0
298,1,3.75,1,1
177,1,323.0,1,0
47,1,464.9,0,0
29,7,2213.13,0,0
11,7,1291.91,0,0
87,17,7180.7,3,0
5,18,6680.11,3,0
38,2,836.0600000000001,0,0
18,5,1515.9,0,0
45,5,623.93,0,0
31,1,1764.72,0,0
373,1,207.5,1,1
58,1,223.92,0,0
372,1,2002.4,1,1
114,3,1475.43,0,0
215,1,239.4,1,1
319,1,106.83,1,1
65,1,369.34,0,0
8,3,789.79,0,0
97,1,316.62,0,0
20,3,1207.24,0,0
199,1,611.8499999999999,1,1
4,13,2790.9500000000003,0,0
294,1,34.0,1,1
273,2,1145.6,1,1
31,11,5575.56,0,0
48,3,478.09,0,0
260,1,361.54,1,1
58,5,757.1,0,0
33,5,2242.61,0,0
57,1,171.59,0,0
68,4,661.52,0,0
10,11,1691.51,0,0
60,1,371.54,0,0
80,2,222.62,0,0
74,2,245.94,0,0
2,22,10611.72,3,0
100,2,422.24,0,0
372,1,311.25,1,1
10,13,2267.9500000000003,0,0
20,1,107.6,0,0
123,2,594.39,0,0
8,1,80.80000000000001,0,0
4,6,1545.62,0,0
29,7,1705.78,0,0
282,2,110.38,1,1
57,1,243.84,0,0
1,10,1196.5,0,0
365,1,414.88,1,1
89,1,305.62,0,0
11,1,1162.65,0,0
163,4,1594.23,1,0
65,1,332.3,0,0
23,3,536.99,0,0
174,2,460.59,1,0
103,4,762.16,0,0
143,3,1121.59,0,0
99,2,288.42,0,0
23,5,914.69,0,0
192,1,309.54,1,1
5,2,547.07,0,0
361,1,479.35,1,1
8,10,1652.18,0,0
14,21,6416.7,3,0
103,4,417.06,0,0
3,9,1604.75,0,0
11,11,3349.57,0,0
96,1,497.61,0,0
227,1,358.38,1,1
16,2,460.64,0,0
39,2,775.18,0,0
51,1,341.7,0,0
93,2,128.5,0,0
157,1,197.22,1,0
39,1,325.91,0,0
184,3,199.15,1,1
1,4,1106.53,0,0
228,1,413.46,1,1
128,2,180.85,0,0
40,2,251.87,0,0
31,11,3170.98,0,0
197,2,588.85,1,1
9,34,16594.35,3,0
37,6,1869.82,0,0
101,3,1264.19,0,0
43,16,10196.57,3,0
50,1,214.32,0,0
43,1,193.44,0,0
53,1,281.42,0,0
187,1,124.57,1,1
334,1,332.41,1,1
4,3,342.45,0,0
10,2,144.91,0,0
24,2,328.40000000000003,0,0
15,1,35.400000000000006,0,0
369,1,375.69000000000005,1,1
145,2,747.81,1,0
60,2,173.76,0,0
31,2,502.8,0,0
141,3,207.74,0,0
23,4,817.12,0,0
22,6,2812.34,0,0
77,3,680.02,0,0
5,6,7123.62,0,0
67,5,2095.53,0,0
12,6,846.62,0,0
84,1,13.3,0,0
31,7,1491.43,0,0
67,1,432.0,0,0
67,3,705.12,0,0
187,2,272.48,1,1
38,2,429.84,0,0
15,3,450.41,0,0
35,1,192.33,0,0
195,3,1578.67,1,1
2,5,742.43,0,0
1,5,518.19,0,0
367,1,145.93,1,1
65,1,202.27,0,0
299,2,289.78,1,1
26,3,501.03,0,0
8,6,1271.06,0,0
17,3,887.11,0,0
116,1,1706.88,0,0
29,1,363.2,0,0
4,16,3653.75,3,0
5,7,3037.6,0,0
82,4,559.59,0,0
29,5,928.76,0,0
72,1,379.14,0,0
4,8,1508.96,0,0
29,11,2555.58,0,0
290,1,113.44,1,1
36,1,183.76,0,0
9,6,621.6800000000001,0,0
24,2,562.41,0,0
277,1,391.52,1,1
50,6,1068.82,0,0
156,11,2592.25,0,0
61,1,154.18,0,0
12,19,7069.08,3,0
21,3,829.89,0,0
371,1,230.25,1,1
116,3,543.05,0,0
80,17,2814.7,3,0
4,7,1295.39,0,0
26,3,378.89,0,0
5,21,4554.87,3,0
53,1,150.23000000000002,0,0
1,2,563.23,0,0
55,2,931.03,0,0
26,1,261.9,0,0
9,4,2711.6800000000003,0,0
52,3,3049.88,0,0
13,9,1904.99,0,0
212,3,816.73,1,1
22,19,4345.5,3,0
236,1,406.48,1,1
139,3,435.02,0,0
4,6,1286.27,0,0
57,3,1178.56,0,0
135,3,1277.75,0,0
109,2,167.61,0,0
30,1,20.8,0,0
1,9,2085.08,0,0
185,4,518.67,1,1
18,1,308.74,0,0
239,2,416.64,1,1
87,1,117.35,0,0
39,3,507.05,0,0
116,1,234.17,0,0
187,1,110.55,1,1
227,1,201.19,1,1
8,7,2154.97,0,0
189,1,319.02,1,1
4,2,439.43,0,0
39,3,650.41,0,0
38,1,357.21,0,0
267,1,251.52,1,1
78,1,344.33,0,0
4,6,1852.0,0,0
255,2,1028.46,1,1
61,1,384.06,0,0
13,7,1905.87,0,0
88,2,4459.52,0,0
17,10,5464.12,0,0
30,2,1873.2,0,0
3,7,1616.8,0,0
5,1,126.12,0,0
7,6,1133.25,0,0
219,1,179.0,1,1
11,5,1614.31,0,0
30,6,1456.96,0,0
288,3,702.0,1,1
150,4,295.0,1,0
23,2,484.82,0,0
1,11,3989.57,0,0
86,3,1493.73,0,0
46,2,1312.14,0,0
5,4,781.78,0,0
51,6,889.9300000000001,0,0
18,1,195.36,0,0
30,1,270.9,0,0
8,3,583.4300000000001,0,0
29,3,1838.61,0,0
3,20,8694.26,3,0
41,2,920.1,0,0
11,4,1258.08,0,0
31,1,71.0,0,0
45,3,95.85,0,0
61,3,357.77,0,0
185,2,154.83,1,1
79,6,877.5600000000001,0,0
111,2,716.0,0,0
64,1,146.87,0,0
12,2,380.35,0,0
86,3,1030.14,0,0
16,3,745.52,0,0
246,2,433.53,1,1
88,1,1267.32,0,0
30,1,112.4,0,0
138,1,449.73,0,0
27,3,1071.49,0,0
3,5,1036.58,0,0
32,4,1735.18,0,0
25,1,948.48,0,0
113,3,339.44,0,0
157,1,642.02,1,0
85,3,1100.9,0,0
118,3,925.35,0,0
3,9,5655.03,0,0
96,6,3185.64,0,0
194,1,240.89,1,1
28,1,399.09,0,0
131,1,498.48,0,0
28,5,1356.33,0,0
82,3,1179.89,0,0
30,5,3080.39,0,0
266,1,234.24,1,1
74,11,5232.2300000000005,0,0
314,4,533.33,1,1
21,7,1461.14,0,0
59,3,855.45,0,0
12,21,4552.14,3,0
28,9,2709.7000000000003,0,0
114,1,304.24,0,0
28,9,2429.03,0,0
18,4,1446.09,0,0
18,4,834.12,0,0
36,3,841.0799999999999,0,0
36,2,378.2,0,0
78,1,118.8,0,0
22,2,287.62,0,0
25,2,288.91,0,0
33,2,2003.85,0,0
109,3,1405.78,0,0
35,2,2747.99,0,0
123,5,1562.4,0,0
7,6,2050.08,0,0
28,4,1991.01,0,0
4,7,1974.65,0,0
3,9,3827.76,0,0
50,4,1774.03,0,0
322,1,302.0,1,1
23,3,1324.16,0,0
15,4,1022.13,0,0
2,8,954.42,0,0
18,2,971.74,0,0
10,4,1621.73,0,0
262,1,25.5,1,1
159,2,665.78,1,0
33,6,10797.48,0,0
29,6,881.29,0,0
165,1,163.29999999999998,1,0
47,1,231.61,0,0
6,8,801.12,0,0
8,3,837.5,0,0
288,1,116.2,1,1
318,1,157.02,1,1
3,2,606.91,0,0
233,1,307.46,1,1
119,1,138.32,0,0
162,1,345.3,1,0
185,1,294.24,1,1
50,1,230.5,0,0
152,5,989.45,1,0
335,1,157.09,1,1
5,5,2463.17,0,0
16,7,4892.240000000001,0,0
107,2,413.2,0,0
16,7,1139.73,0,0
276,1,380.5,1,1
16,12,10650.77,3,0
247,1,454.12,1,1
239,1,579.0,1,1
1,2,984.57,0,0
106,3,749.78,0,0
23,4,1714.59,0,0
52,1,124.88,0,0
195,3,1689.5,1,1
24,1,213.78,0,0
75,1,329.34,0,0
18,2,251.7,0,0
8,2,319.0,0,0
32,3,1266.97,0,0
22,3,1538.88,0,0
31,6,3518.03,0,0
29,10,1715.46,0,0
22,2,293.1,0,0
33,7,2467.35,0,0
284,1,158.68,1,1
39,2,206.34,0,0
58,2,835.78,0,0
289,1,224.91,1,1
79,1,317.76,0,0
5,8,3766.6,0,0
218,1,59.9,1,1
44,4,1443.69,0,0
202,1,306.13,1,1
178,3,711.79,1,0
56,4,783.97,0,0
57,2,239.92,0,0
8,6,3347.31,0,0
47,2,144.0,0,0
227,1,203.95,1,1
11,7,2474.23,0,0
106,2,383.75,0,0
59,2,444.74,0,0
28,7,2093.68,0,0
36,7,1699.3,0,0
274,2,262.62,1,1
30,1,1013.01,0,0
24,3,692.22,0,0
54,1,289.78000000000003,0,0
36,6,3560.08,0,0
175,4,1564.56,1,0
54,1,384.08,0,0
53,1,204.24,0,0
27,8,2317.2200000000003,0,0
253,1,226.85,1,1
40,7,2781.23,0,0
60,6,1059.12,0,0
234,1,113.5,1,1
4,10,1951.97,0,0
32,1,114.23,0,0
24,14,3187.55,0,0
7,2,334.48,0,0
65,1,328.65,0,0
310,2,416.89,1,1
309,1,393.49,1,1
19,6,939.32,0,0
16,8,1906.09,0,0
96,2,318.76,0,0
264,8,3638.41,1,1
12,10,3124.72,0,0
3,2,417.77,0,0
35,1,190.88,0,0
183,1,149.89,1,1
25,2,550.0600000000001,0,0
13,6,916.13,0,0
11,2,314.69,0,0
3,17,3719.1,3,0
313,1,382.5,1,1
108,2,1135.04,0,0
1,26,8540.05,3,0
53,1,954.9,0,0
205,1,171.45000000000002,1,1
15,1,280.09000000000003,0,0
120,1,318.65,0,0
4,2,381.97,0,0
363,1,269.83,1,1
117,2,348.91,0,0
18,1,178.26,0,0
5,2,271.19,0,0
41,2,291.48,0,0
107,2,240.0,0,0
148,2,581.23,1,0
52,5,1253.36,0,0
208,1,63.440000000000005,1,1
139,2,550.01,0,0
2,3,296.58,0,0
127,2,317.2,0,0
108,4,763.64,0,0
42,4,2148.63,0,0
35,1,107.82,0,0
228,2,1065.35,1,1
241,1,246.04,1,1
58,1,187.83,0,0
130,3,1685.46,0,0
60,6,1647.48,0,0
22,1,151.37,0,0
26,7,1049.06,0,0
9,7,1417.63,0,0
32,3,931.02,0,0
4,2,513.01,0,0
308,1,550.8000000000001,1,1
8,9,1854.06,0,0
29,3,547.0,0,0
17,1,128.18,0,0
101,2,498.42,0,0
12,4,656.61,0,0
21,1,163.24,0,0
15,5,1135.63,0,0
361,1,250.04,1,1
11,19,8631.31,3,0
95,1,82.75,0,0
78,2,1384.85,0,0
139,3,644.3,0,0
31,1,2328.84,0,0
25,8,2527.92,0,0
2,38,6281.2300000000005,3,0
46,3,2600.34,0,0
100,3,1200.62,0,0
8,2,657.16,0,0
15,7,906.52,0,0
18,4,986.48,0,0
280,1,96.8,1,1
14,2,523.11,0,0
23,2,363.9,0,0
124,1,175.2,0,0
86,1,494.25,0,0
302,2,307.02000000000004,1,1
151,4,1981.06,1,0
17,8,6493.54,0,0
94,2,243.36,0,0
30,11,12353.29,3,0
157,3,682.29,1,0
355,1,193.64,1,1
46,1,157.62,0,0
15,4,519.6899999999999,0,0
4,15,2622.88,3,0
86,1,228.96,0,0
15,5,1156.6,0,0
179,1,98.25,1,0
8,4,1281.32,0,0
36,3,587.15,0,0
129,2,1740.0,0,0
51,1,1393.06,0,0
312,1,178.22,1,1
24,2,384.39,0,0
303,2,360.81,1,1
11,1,127.86,0,0
17,3,568.24,0,0
49,3,488.2,0,0
239,2,312.23,1,1
1,11,4462.68,0,0
13,8,4767.36,0,0
238,1,167.55,1,1
23,8,1878.87,0,0
73,4,446.18,0,0
17,3,418.4,0,0
41,8,1337.18,0,0
40,4,646.92,0,0
219,2,495.77,1,1
199,3,400.1,1,1
71,2,203.2,0,0
24,20,4058.32,3,0
11,1,389.72,0,0
9,29,20275.61,3,0
65,1,65.4,0,0
4,1,193.39,0,0
19,2,336.4,0,0
15,1,256.11,0,0
8,6,2686.42,0,0
20,2,746.81,0,0
78,4,1259.56,0,0
1,34,31833.68,3,0
164,2,508.8,1,0
307,2,417.27,1,1
219,1,203.87,1,1
39,8,7330.8,0,0
22,2,681.41,0,0
115,3,653.38,0,0
126,5,2097.84,0,0
5,13,2633.85,0,0
36,1,263.92,0,0
4,15,31906.82,3,0
1,3,1031.41,0,0
333,3,2184.42,1,1
163,1,32.65,1,0
185,2,771.85,1,1
16,5,1214.72,0,0
12,3,778.94,0,0
3,7,1258.06,0,0
44,2,778.0,0,0
80,1,507.84,0,0
30,7,6893.42,0,0
42,2,463.46,0,0
11,12,4226.57,0,0
50,3,598.83,0,0
16,6,1979.37,0,0
46,2,698.41,0,0
19,2,759.1700000000001,0,0
8,6,5037.26,0,0
72,1,100.8,0,0
1,28,17256.85,3,0
128,3,524.9200000000001,0,0
33,2,265.76,0,0
313,1,403.3,1,1
18,2,365.76,0,0
88,1,303.16,0,0
2,7,2373.82,0,0
2,2,216.3,0,0
254,1,388.4500000000001,1,1
157,3,186.42,1,0
37,6,2248.56,0,0
220,1,534.24,1,1
148,3,2940.04,1,0
177,2,120.9,1,0
40,2,541.53,0,0
2,7,2519.21,0,0
8,46,194390.79,2,0
1,7,1721.4,0,0
18,2,486.72,0,0
192,4,517.53,1,1
204,1,131.7,1,1
365,1,249.86,1,1
127,5,1737.7,0,0
15,1,316.5,0,0
43,2,657.3,0,0
94,6,622.4300000000001,0,0
23,3,735.82,0,0
60,2,675.69,0,0
16,5,1875.86,0,0
158,1,289.96000000000004,1,0
10,2,763.28,0,0
10,2,137.0,0,0
16,5,1870.97,0,0
45,5,1125.07,0,0
191,3,697.54,1,1
79,1,194.37,0,0
78,1,511.82,0,0
4,4,1255.59,0,0
65,3,414.04,0,0
261,1,396.87,1,1
59,2,376.64,0,0
1,7,2092.32,0,0
1,10,3558.87,0,0
248,1,374.57,1,1
8,2,497.56,0,0
359,1,271.05,1,1
76,1,272.22,0,0
290,1,622.88,1,1
17,3,1138.0,0,0
221,2,288.6,1,1
9,4,689.1,0,0
3,2,558.96,0,0
206,9,2997.03,1,1
162,2,1145.84,1,0
76,1,302.2,0,0
262,2,605.58,1,1
281,1,387.31,1,1
58,8,6083.64,0,0
25,1,308.48,0,0
3,31,91062.38,2,0
29,10,2924.99,0,0
72,1,513.2,0,0
128,1,208.65,0,0
31,4,639.02,0,0
15,5,764.88,0,0
309,1,153.94,1,1
17,6,1844.02,0,0
54,1,546.81,0,0
30,3,723.21,0,0
2,5,1070.71,0,0
11,4,652.74,0,0
361,1,145.0,1,1
360,1,422.7,1,1
5,4,1195.9,0,0
54,4,939.37,0,0
1,8,3628.5,0,0
1,10,2367.12,0,0
190,1,296.7,1,1
54,1,223.36,0,0
280,1,164.4,1,1
177,1,76.5,1,0
30,2,887.6700000000001,0,0
26,1,98.42,0,0
25,2,578.9,0,0
270,1,170.75,1,1
43,3,642.32,0,0
234,1,103.3,1,1
24,2,148.86,0,0
197,3,267.16,1,1
359,1,290.34,1,1
60,4,930.41,0,0
130,1,1487.6,0,0
1,5,1952.45,0,0
20,2,480.31,0,0
206,1,157.9,1,1
14,3,541.46,0,0
95,4,854.95,0,0
19,1,165.12,0,0
14,7,1122.38,0,0
24,3,454.01,0,0
8,2,869.77,0,0
7,8,4331.48,0,0
332,1,344.14,1,1
50,4,1425.67,0,0
71,4,226.75000000000003,0,0
29,3,380.6,0,0
243,1,185.65,1,1
8,19,3564.83,3,0
218,1,143.45999999999998,1,1
5,3,448.9,0,0
253,3,215.72,1,1
1,25,11025.24,3,0
236,1,175.27,1,1
7,2,1242.3,0,0
109,4,1116.68,0,0
100,3,1240.2,0,0
60,4,2404.17,0,0
2,3,1468.02,0,0
73,7,2203.67,0,0
4,5,3923.86,0,0
85,2,993.18,0,0
12,2,386.69,0,0
23,7,2806.69,0,0
214,1,2044.37,1,1
18,1,161.67000000000002,0,0
239,1,116.01,1,1
2,6,5054.42,0,0
78,1,394.72,0,0
217,2,309.36,1,1
33,2,191.99,0,0
41,5,1105.78,0,0
7,15,3961.12,3,0
53,6,2048.45,0,0
23,14,4544.55,0,0
57,1,386.32,0,0
130,3,329.6,0,0
174,3,571.1999999999999,1,0
6,3,930.28,0,0
312,1,214.37,1,1
60,1,81.44,0,0
21,3,1379.9,0,0
33,1,527.05,0,0
15,2,843.48,0,0
18,4,2020.4,0,0
81,1,75.75,0,0
6,8,1814.12,0,0
170,2,503.6,1,0
2,3,528.33,0,0
31,4,1324.84,0,0
36,9,2358.59,0,0
19,1,285.56,0,0
31,2,547.0600000000001,0,0
276,1,108.5,1,1
87,1,621.66,0,0
120,2,712.29,0,0
373,1,101.55,1,1
1,11,2895.64,0,0
219,3,1008.39,1,1
65,1,133.06,0,0
61,4,1797.5,0,0
138,1,868.49,0,0
21,1,166.07999999999998,0,0
12,10,3945.0,0,0
25,12,4867.72,0,0
37,4,1207.56,0,0
277,1,117.55,1,1
11,7,2638.94,0,0
73,5,1674.69,0,0
26,2,595.42,0,0
17,12,2999.46,0,0
141,1,178.75,0,0
26,7,1802.91,0,0
19,2,604.64,0,0
4,2,728.16,0,0
66,5,2055.51,0,0
1,2,347.75,0,0
43,7,3406.7200000000003,0,0
228,1,205.7,1,1
16,4,1572.71,0,0
50,2,3178.17,0,0
2,6,1594.97,0,0
74,2,551.04,0,0
1,31,20374.28,3,0
4,6,1371.18,0,0
2,30,16345.38,3,0
264,1,298.11,1,1
53,2,1992.11,0,0
24,1,184.4,0,0
10,6,2474.33,0,0
44,1,239.41,0,0
17,7,3155.83,0,0
7,7,5739.46,0,0
30,15,4726.8,3,0
358,2,290.40000000000003,1,1
127,4,740.94,0,0
137,1,200.47,0,0
142,1,283.12,0,0
132,2,765.34,0,0
38,8,2285.71,0,0
236,1,338.95,1,1
261,1,154.95,1,1
17,4,2534.64,0,0
253,1,417.95,1,1
30,4,1824.37,0,0
35,3,798.74,0,0
169,2,885.19,1,0
3,9,1823.52,0,0
4,17,10504.49,3,0
185,2,152.4,1,1
188,2,263.33,1,1
170,1,137.45,1,0
11,2,385.1,0,0
45,1,522.91,0,0
321,1,153.0,1,1
201,1,326.4,1,1
23,11,5655.99,0,0
232,1,139.35,1,1
38,15,5396.04,3,0
26,4,1195.94,0,0
96,4,2424.04,0,0
127,6,3276.4000000000005,0,0
71,3,1033.0,0,0
16,11,3439.08,0,0
15,1,1060.25,0,0
4,3,2876.01,0,0
3,13,5298.4800000000005,0,0
79,4,1240.11,0,0
373,1,303.97,1,1
39,2,692.19,0,0
54,3,700.63,0,0
2,19,13110.02,3,0
9,3,377.44,0,0
9,2,168.24,0,0
19,4,1879.05,0,0
12,7,2791.35,0,0
113,2,355.11,0,0
4,6,2322.4,0,0
240,1,110.25,1,1
113,1,71.4,0,0
178,2,674.52,1,0
5,9,1710.45,0,0
359,1,80.64,1,1
1,5,1664.65,0,0
1,30,5593.39,3,0
19,8,3408.2,0,0
17,3,819.96,0,0
22,2,287.59,0,0
33,1,712.78,0,0
263,1,15.0,1,1
51,2,772.55,0,0
159,3,367.63,1,0
15,1,271.2,0,0
8,3,2081.9,0,0
13,10,3957.43,0,0
199,5,1143.27,1,1
57,2,245.81,0,0
11,2,173.45,0,0
97,4,1213.73,0,0
255,1,56.4,1,1
25,3,647.56,0,0
21,3,650.32,0,0
159,2,188.02,1,0
72,2,283.47,0,0
53,1,131.94,0,0
85,2,266.85,0,0
153,4,1817.54,1,0
74,2,1117.9,0,0
281,1,225.9,1,1
27,14,1964.3,0,0
30,1,106.1,0,0
25,1,300.34,0,0
180,2,342.83,1,0
40,4,690.0,0,0
22,3,780.43,0,0
22,10,3039.17,0,0
37,9,1187.21,0,0
82,3,1285.04,0,0
74,1,512.31,0,0
11,1,546.04,0,0
16,12,5411.91,0,0
4,39,7761.82,3,0
13,4,699.81,0,0
14,5,1698.07,0,0
37,4,36.56,0,0
4,3,387.68,0,0
72,7,3704.87,0,0
51,1,298.4,0,0
5,5,1987.33,0,0
23,4,1820.09,0,0
299,1,889.24,1,1
2,3,398.7,0,0
33,1,35.400000000000006,0,0
50,1,155.37,0,0
3,3,342.24,0,0
47,1,110.21,0,0
42,8,1541.23,0,0
27,5,2720.8,0,0
42,1,318.15,0,0
2,124,40519.84,2,0
303,1,205.48,1,1
107,1,51.56,0,0
85,1,2033.1,0,0
81,9,901.2,0,0
218,4,605.8000000000001,1,1
372,34,5391.21,3,1
12,2,114.34,0,0
185,2,311.26,1,1
373,1,208.97,1,1
2,4,1418.03,0,0
4,23,26879.04,3,0
6,12,5140.66,0,0
305,1,141.92,1,1
369,1,226.45,1,1
3,8,2097.88,0,0
324,1,330.9,1,1
59,6,3160.0,0,0
13,3,554.85,0,0
31,20,10526.32,3,0
143,1,329.65000000000003,1,0
30,6,1157.87,0,0
107,5,428.18,0,0
2,12,1865.89,0,0
205,1,155.9,1,1
80,5,1848.96,0,0
185,6,683.46,1,1
170,1,237.61,1,0
44,1,379.45,0,0
174,1,178.52,1,0
365,1,458.92,1,1
304,1,133.35,1,1
3,4,664.34,0,0
4,4,695.07,0,0
12,1,156.34,0,0
32,3,869.28,0,0
129,1,111.35,0,0
21,8,716.0,0,0
212,2,201.37,1,1
323,2,586.89,1,1
162,1,203.86,1,0
56,3,244.1,0,0
225,1,107.21,1,1
72,8,1118.96,0,0
44,1,95.45,0,0
23,1,256.32,0,0
173,3,541.81,1,0
85,2,152.06,0,0
159,1,154.55,1,0
190,2,112.2,1,1
29,1,110.38,0,0
21,1,181.07,0,0
71,4,798.99,0,0
247,1,72.9,1,1
374,1,232.03,1,1
9,1,366.23,0,0
310,5,310.06,1,1
59,2,408.65,0,0
4,1,329.36,0,0
45,3,335.03,0,0
88,1,1304.04,0,0
4,17,4119.5,3,0
64,4,820.23,0,0
282,1,207.50000000000003,1,1
12,7,2962.5,0,0
373,1,244.08,1,1
133,2,397.29,0,0
45,2,212.54,0,0
11,4,843.0,0,0
36,5,1740.48,0,0
134,2,408.36,0,0
29,3,1331.57,0,0
52,2,704.25,0,0
138,2,145.79,0,0
5,1,380.13,0,0
9,7,4301.22,0,0
160,1,99.14,1,0
49,10,4020.04,0,0
131,1,304.56,0,0
8,1,77.50000000000001,0,0
233,2,149.57999999999998,1,1
37,1,176.68,0,0
147,1,358.56000000000006,1,0
1,45,58510.48,3,0
72,3,482.2,0,0
40,3,1008.54,0,0
5,12,2314.13,0,0
199,4,557.3,1,1
249,1,12.75,1,1
66,1,111.68,0,0
117,1,508.46,0,0
171,1,73.78,1,0
21,39,1296.44,3,0
142,1,102.41,0,0
32,2,463.21,0,0
38,14,2599.19,0,0
38,5,1098.43,0,0
372,1,112.27,1,1
374,1,265.1,1,1
166,2,228.2,1,0
211,1,562.79,1,1
242,1,135.19,1,1
52,1,337.04,0,0
25,3,703.99,0,0
15,13,4483.26,0,0
372,1,321.79,1,1
29,1,288.14,0,0
365,1,300.92,1,1
36,4,732.41,0,0
166,3,811.45,1,0
145,1,152.68,1,0
22,1,631.35,0,0
56,1,20.8,0,0
185,1,198.57,1,1
12,7,201.12,0,0
237,3,630.84,1,1
225,2,93.35,1,1
122,4,674.89,0,0
282,1,76.1,1,1
74,8,1962.46,0,0
37,2,380.39,0,0
12,2,415.13,0,0
362,1,157.92,1,1
4,2,226.47,0,0
23,1,444.68,0,0
70,9,2116.19,0,0
235,1,247.39,1,1
257,1,174.8,1,1
373,1,102.79,1,1
155,2,187.29,1,0
28,1,162.22,0,0
4,1,120.03,0,0
32,5,1477.66,0,0
81,3,523.0,0,0
108,2,122.14,0,0
52,1,38.45,0,0
36,1,612.72,0,0
153,2,389.78,1,0
99,1,115.31,0,0
4,2,230.65,0,0
334,1,73.5,1,1
65,1,93.82,0,0
22,2,418.68,0,0
36,3,713.89,0,0
32,3,403.12,0,0
154,6,70.02,1,0
19,2,357.20000000000005,0,0
12,21,4097.37,3,0
54,1,165.04999999999998,0,0
25,3,529.29,0,0
4,10,2088.6,0,0
45,1,178.34,0,0
203,2,172.29000000000002,1,1
359,1,74.4,1,1
71,1,300.02,0,0
7,10,6761.34,0,0
288,1,363.65,1,1
10,1,170.16,0,0
23,3,306.46,0,0
22,10,2119.41,0,0
173,3,720.52,1,0
133,2,814.0,0,0
6,14,2392.83,0,0
75,1,318.0,0,0
40,1,396.33,0,0
289,1,101.7,1,1
26,5,2009.24,0,0
258,2,453.0,1,1
186,1,247.44,1,1
114,12,3859.82,0,0
374,1,489.6,1,1
23,10,2611.75,0,0
8,11,2584.41,0,0
217,2,336.13,1,1
45,4,3613.15,0,0
19,2,1231.5,0,0
36,3,343.45,0,0
26,1,680.84,0,0
16,1,90.48,0,0
330,2,689.95,1,1
274,1,101.34,1,1
98,2,4055.72,0,0
61,1,166.03,0,0
2,11,9068.26,0,0
93,4,2106.52,0,0
82,7,3017.3,0,0
313,2,580.05,1,1
12,3,849.06,0,0
8,6,2662.4,0,0
127,1,168.31,0,0
11,2,222.4,0,0
1,60,259657.3,2,0
37,1,754.64,0,0
38,1,113.48000000000002,0,0
330,1,421.9,1,1
254,1,271.0,1,1
2,26,8004.92,3,0
20,1,198.8,0,0
12,2,352.69,0,0
369,1,76.32000000000001,1,1
290,1,220.1,1,1
68,8,1403.11,0,0
26,1,315.65,0,0
11,26,5625.08,3,0
368,1,180.7,1,1
214,1,111.15,1,1
149,2,653.3000000000001,1,0
8,6,1793.06,0,0
24,2,574.4399999999999,0,0
30,4,1131.75,0,0
61,1,200.92,0,0
19,3,347.08,0,0
243,1,112.55,1,1
15,3,1059.39,0,0
212,1,931.5,1,1
29,5,681.91,0,0
63,3,784.33,0,0
295,1,152.65,1,1
18,6,8438.34,0,0
157,2,1019.52,1,0
117,2,1000.16,0,0
8,12,2888.75,0,0
13,4,2861.55,0,0
141,2,160.35,0,0
46,2,179.34,0,0
51,3,612.0799999999999,0,0
32,3,566.58,0,0
135,2,653.35,0,0
3,2,399.19,0,0
75,3,371.62,0,0
13,2,675.64,0,0
9,2,453.4,0,0
301,1,530.15,1,1
57,2,638.0600000000001,0,0
15,5,1618.69,0,0
37,1,399.65,0,0
177,1,302.46,1,0
23,3,1384.86,0,0
176,6,1160.04,1,0
61,1,202.65,0,0
33,3,980.31,0,0
59,5,1231.31,0,0
15,20,7561.68,3,0
87,4,2106.84,0,0
7,1,104.0,0,0
358,1,476.35,1,1
31,6,1340.87,0,0
129,4,1590.81,0,0
9,6,1793.17,0,0
5,6,1843.75,0,0
24,1,366.85,0,0
227,2,632.07,1,1
15,1,49.8,0,0
249,1,304.25,1,1
15,3,2001.04,0,0
78,2,1090.24,0,0
192,2,284.46000000000004,1,1
262,1,207.8,1,1
72,1,957.97,0,0
165,1,243.76,1,0
82,1,973.84,0,0
95,2,686.63,0,0
4,17,5425.56,3,0
106,1,150.35,0,0
200,3,1396.99,1,1
157,1,160.42000000000002,1,0
71,3,1975.35,0,0
36,2,517.36,0,0
29,1,139.10000000000002,0,0
2,6,2621.38,0,0
26,5,600.07,0,0
326,1,216.07,1,1
237,1,232.48,1,1
89,1,299.34000000000003,0,0
31,1,481.75,0,0
29,2,621.75,0,0
211,2,641.92,1,1
3,10,2069.77,0,0
227,1,305.28,1,1
22,5,1041.61,0,0
93,1,443.0,0,0
5,14,6484.54,3,0
264,1,158.95000000000002,1,1
3,12,5504.96,0,0
44,11,5228.05,0,0
218,1,93.75,1,1
57,2,779.9,0,0
12,20,7276.9,3,0
9,7,2810.2000000000003,0,0
192,5,2071.77,1,1
82,4,592.97,0,0
326,1,440.0,1,1
72,3,1796.48,0,0
30,6,882.24,0,0
3,5,987.1,0,0
219,5,1561.61,1,1
46,1,422.58,0,0
10,17,2073.09,3,0
72,4,2232.49,0,0
7,7,2567.06,0,0
24,2,596.1,0,0
123,2,804.02,0,0
17,1,95.34,0,0
310,1,349.27,1,1
87,1,4314.72,0,0
51,2,518.27,0,0
89,1,103.3,0,0
39,8,2337.63,0,0
25,3,2338.6,0,0
173,6,2628.35,1,0
43,2,324.24,0,0
140,1,149.48,0,0
26,3,1213.16,0,0
72,2,801.51,0,0
134,1,25.5,0,0
366,1,168.60000000000002,1,1
38,2,283.15000000000003,0,0
3,6,3078.58,0,0
2,3,204.0,0,0
30,1,175.92,0,0
44,1,335.86,0,0
58,1,110.38,0,0
74,1,173.9,0,0
278,1,180.6,1,1
181,1,80.82,1,1
8,2,178.05,0,0
4,16,2045.53,3,0
43,3,1837.28,0,0
